,date,ticker,open,high,low,close,volume
0,2020-01-02,VNINDEX,960.26,966.67,959.67,966.67,128410670
1,2020-01-03,VNINDEX,968.72,970.88,965.14,965.14,144668880
2,2020-01-06,VNINDEX,962.79,965.14,955.59,955.79,137059570
3,2020-01-07,VNINDEX,955.79,959.46,953.19,958.88,126566780
4,2020-01-08,VNINDEX,954.13,958.88,945.28,948.98,175534190
5,2020-01-09,VNINDEX,953.86,960.73,948.98,960.15,130690470
6,2020-01-10,VNINDEX,961.17,969.71,960.15,968.54,160461650
7,2020-01-13,VNINDEX,966.89,968.63,964.79,965.84,115808100
8,2020-01-14,VNINDEX,966.26,968.85,965.76,967.0,125449000
9,2020-01-15,VNINDEX,967.69,967.69,964.84,967.56,109520090
10,2020-01-16,VNINDEX,967.2,974.7,967.17,974.31,143788670
11,2020-01-17,VNINDEX,976.28,980.02,973.79,978.96,114716080
12,2020-01-20,VNINDEX,978.23,979.85,975.93,978.63,98732080
13,2020-01-21,VNINDEX,978.82,986.37,978.63,986.37,123872370
14,2020-01-22,VNINDEX,986.52,991.46,983.92,991.46,124881140
15,2020-01-30,VNINDEX,975.15,991.46,954.0,959.58,174488050
16,2020-01-31,VNINDEX,959.58,960.96,936.62,936.62,203521680
17,2020-02-03,VNINDEX,916.6,936.62,891.85,928.14,238589640
18,2020-02-04,VNINDEX,929.42,934.91,919.33,929.09,171707930
19,2020-02-05,VNINDEX,934.75,936.33,921.89,925.91,158265300
20,2020-02-06,VNINDEX,926.66,938.54,925.21,938.54,199011870
21,2020-02-07,VNINDEX,938.61,943.48,935.94,940.75,159078180
22,2020-02-10,VNINDEX,934.38,940.75,926.61,930.73,124769190
23,2020-02-11,VNINDEX,930.73,936.04,930.73,934.67,152383070
24,2020-02-12,VNINDEX,940.72,943.11,934.67,937.68,180704710
25,2020-02-13,VNINDEX,937.19,939.1,934.47,938.24,148281160
26,2020-02-14,VNINDEX,939.28,940.65,936.47,937.45,164026980
27,2020-02-17,VNINDEX,938.52,938.52,931.66,934.77,143700760
28,2020-02-18,VNINDEX,927.93,934.98,926.01,927.93,154796540
29,2020-02-19,VNINDEX,926.41,931.66,925.86,928.76,155110900
30,2020-02-20,VNINDEX,933.69,938.13,928.76,938.13,176812010
31,2020-02-21,VNINDEX,938.13,940.53,932.32,933.09,170762390
32,2020-02-24,VNINDEX,917.49,917.49,903.34,903.34,246597810
33,2020-02-25,VNINDEX,893.95,909.67,893.95,909.67,177111460
34,2020-02-26,VNINDEX,901.51,903.27,894.25,895.97,124900000
35,2020-02-27,VNINDEX,892.15,899.34,889.14,898.44,127837480
36,2020-02-28,VNINDEX,885.47,898.44,872.46,882.19,177524420
37,2020-03-02,VNINDEX,878.43,886.45,877.31,884.43,167380280
38,2020-03-03,VNINDEX,895.39,896.39,884.43,890.61,170679850
39,2020-03-04,VNINDEX,887.85,890.61,882.83,889.37,187504950
40,2020-03-05,VNINDEX,892.71,898.43,889.37,893.31,203361170
41,2020-03-06,VNINDEX,888.96,893.31,882.71,891.44,167947850
42,2020-03-09,VNINDEX,875.8,891.44,834.67,835.49,263053320
43,2020-03-10,VNINDEX,813.83,843.28,806.63,837.5,230832850
44,2020-03-11,VNINDEX,843.52,844.94,794.54,811.35,267076050
45,2020-03-12,VNINDEX,778.06,811.35,762.12,769.25,300321120
46,2020-03-13,VNINDEX,750.56,769.25,723.42,761.78,272120840
47,2020-03-16,VNINDEX,758.28,758.59,737.58,747.86,214087850
48,2020-03-17,VNINDEX,724.07,750.03,721.84,745.78,194484800
49,2020-03-18,VNINDEX,747.4,752.65,742.12,747.66,196989710
50,2020-03-19,VNINDEX,732.35,747.66,714.02,725.94,299318150
51,2020-03-20,VNINDEX,728.55,729.35,709.73,709.73,191037210
52,2020-03-23,VNINDEX,694.77,709.73,664.23,666.59,215575310
53,2020-03-24,VNINDEX,666.59,666.59,652.27,659.21,201483240
54,2020-03-25,VNINDEX,669.76,690.25,659.21,690.25,203649540
55,2020-03-26,VNINDEX,689.0,700.76,680.1,694.21,162568840
56,2020-03-27,VNINDEX,692.54,703.22,682.52,696.06,201217090
57,2020-03-30,VNINDEX,663.91,665.56,657.36,662.26,186661120
58,2020-03-31,VNINDEX,669.74,678.64,649.1,662.53,219653380
59,2020-04-01,VNINDEX,658.8,684.96,657.41,680.23,196877180
60,2020-04-03,VNINDEX,687.92,701.8,680.23,701.8,189031820
61,2020-04-06,VNINDEX,716.22,736.75,701.8,736.75,294808670
62,2020-04-07,VNINDEX,744.97,749.13,730.28,746.69,270016090
63,2020-04-08,VNINDEX,740.03,748.36,730.12,748.02,197089400
64,2020-04-09,VNINDEX,751.08,765.87,748.02,760.33,264010370
65,2020-04-10,VNINDEX,759.08,764.36,751.59,757.94,288523650
66,2020-04-13,VNINDEX,762.99,774.62,757.94,765.79,192714420
67,2020-04-14,VNINDEX,769.01,769.53,753.85,767.41,220987900
68,2020-04-15,VNINDEX,768.05,779.52,768.01,777.22,246931990
69,2020-04-16,VNINDEX,773.11,781.06,770.91,780.7,210855960
70,2020-04-17,VNINDEX,786.96,790.95,783.74,789.6,259215800
71,2020-04-20,VNINDEX,796.17,797.49,786.73,794.97,296902980
72,2020-04-21,VNINDEX,794.97,794.97,761.96,766.84,359054290
73,2020-04-22,VNINDEX,752.8,774.94,749.97,768.92,216998910
74,2020-04-23,VNINDEX,768.92,785.6,768.92,773.91,183125870
75,2020-04-24,VNINDEX,777.28,778.3,767.31,776.66,220832320
76,2020-04-27,VNINDEX,780.65,785.74,770.77,770.77,249734360
77,2020-04-28,VNINDEX,773.31,776.13,763.66,767.21,191259410
78,2020-04-29,VNINDEX,768.59,772.62,767.21,769.11,206643310
79,2020-05-04,VNINDEX,766.14,769.73,761.64,762.47,247806970
80,2020-05-05,VNINDEX,763.22,767.03,760.04,764.16,164236570
81,2020-05-06,VNINDEX,767.3,782.59,765.37,782.59,201354240
82,2020-05-07,VNINDEX,785.08,796.54,782.59,796.54,206239180
83,2020-05-08,VNINDEX,800.32,825.72,800.2,813.73,327812460
84,2020-05-11,VNINDEX,818.26,828.33,812.48,828.33,257067600
85,2020-05-12,VNINDEX,827.29,835.95,819.66,835.32,277858300
86,2020-05-13,VNINDEX,835.32,839.59,815.13,834.21,329207630
87,2020-05-14,VNINDEX,830.97,836.19,826.17,832.4,267465830
88,2020-05-15,VNINDEX,835.42,838.47,824.59,827.03,251261900
89,2020-05-18,VNINDEX,827.49,837.61,823.08,837.01,217053660
90,2020-05-19,VNINDEX,852.14,854.25,844.15,845.92,283581220
91,2020-05-20,VNINDEX,843.26,852.91,842.21,852.91,228599630
92,2020-05-21,VNINDEX,854.93,862.73,854.04,862.73,293360320
93,2020-05-22,VNINDEX,859.29,860.65,852.08,852.74,252877780
94,2020-05-25,VNINDEX,852.9,860.45,849.12,859.04,250961090
95,2020-05-26,VNINDEX,861.47,869.65,859.04,869.13,298805910
96,2020-05-27,VNINDEX,873.42,875.35,857.48,857.48,343925020
97,2020-05-28,VNINDEX,858.97,866.17,856.48,861.39,253773110
98,2020-05-29,VNINDEX,861.59,866.95,859.26,864.47,273759110
99,2020-06-01,VNINDEX,868.97,878.67,864.47,878.67,407851730
100,2020-06-02,VNINDEX,879.23,882.73,874.53,874.8,430693930
101,2020-06-03,VNINDEX,876.73,881.17,874.01,881.17,310662830
102,2020-06-04,VNINDEX,883.22,888.32,883.22,883.9,385391870
103,2020-06-05,VNINDEX,883.4,886.59,878.5,886.22,443912540
104,2020-06-08,VNINDEX,888.7,905.65,886.22,899.92,493739870
105,2020-06-09,VNINDEX,902.26,904.89,898.87,899.43,440885790
106,2020-06-10,VNINDEX,898.78,902.69,890.3,900.68,503765230
107,2020-06-11,VNINDEX,900.48,903.7,867.37,867.37,652065330
108,2020-06-12,VNINDEX,841.85,863.52,841.44,863.52,570742950
109,2020-06-15,VNINDEX,867.52,868.16,832.47,832.47,458873120
110,2020-06-16,VNINDEX,848.86,858.7,832.47,856.13,352522760
111,2020-06-17,VNINDEX,861.05,861.05,852.27,854.44,302858850
112,2020-06-18,VNINDEX,850.92,858.03,847.49,855.27,228687960
113,2020-06-19,VNINDEX,857.77,868.56,857.77,868.56,366681240
114,2020-06-22,VNINDEX,871.56,872.94,867.37,871.28,323158570
115,2020-06-23,VNINDEX,871.12,873.2,864.02,868.2,393389630
116,2020-06-24,VNINDEX,868.2,873.13,857.58,859.71,333183530
117,2020-06-25,VNINDEX,851.09,856.23,849.65,854.59,277602920
118,2020-06-26,VNINDEX,859.07,862.59,850.66,851.98,251666430
119,2020-06-29,VNINDEX,846.26,851.98,826.0,829.36,326792990
120,2020-06-30,VNINDEX,836.72,840.31,821.92,825.11,303001550
121,2020-07-01,VNINDEX,827.67,844.26,826.38,843.49,246403110
122,2020-07-02,VNINDEX,845.66,845.66,838.48,842.38,186600120
123,2020-07-03,VNINDEX,845.26,848.16,842.38,847.61,167905910
124,2020-07-06,VNINDEX,851.47,861.85,847.61,861.16,186488550
125,2020-07-07,VNINDEX,865.46,870.63,861.16,863.42,277258150
126,2020-07-08,VNINDEX,861.75,865.58,859.98,864.5,179077960
127,2020-07-09,VNINDEX,867.66,878.36,864.5,876.46,252754480
128,2020-07-10,VNINDEX,873.7,878.53,867.59,871.21,246647990
129,2020-07-13,VNINDEX,874.85,876.83,866.99,868.72,197873620
130,2020-07-14,VNINDEX,865.01,868.72,860.28,868.11,197910160
131,2020-07-15,VNINDEX,872.8,876.69,868.11,869.91,217913850
132,2020-07-16,VNINDEX,871.81,876.83,869.25,876.83,215359040
133,2020-07-17,VNINDEX,873.48,875.07,871.89,872.02,233381060
134,2020-07-20,VNINDEX,870.66,872.02,861.4,861.4,250066830
135,2020-07-21,VNINDEX,863.94,864.7,856.94,861.69,210549410
136,2020-07-22,VNINDEX,862.8,864.0,854.97,855.08,202171130
137,2020-07-23,VNINDEX,854.92,857.22,851.97,856.75,213657500
138,2020-07-24,VNINDEX,854.23,856.75,816.65,829.16,425657950
139,2020-07-27,VNINDEX,794.14,808.74,780.64,785.17,364380500
140,2020-07-28,VNINDEX,786.72,814.4,786.67,813.36,302374530
141,2020-07-29,VNINDEX,800.39,800.39,779.82,790.84,300739020
142,2020-07-30,VNINDEX,796.22,802.97,794.88,801.13,156653990
143,2020-07-31,VNINDEX,787.78,803.55,786.98,798.39,212686810
144,2020-08-03,VNINDEX,796.86,814.84,796.47,814.65,234591660
145,2020-08-04,VNINDEX,822.86,827.57,820.2,827.57,243168140
146,2020-08-05,VNINDEX,827.54,839.52,820.74,837.8,253173050
147,2020-08-06,VNINDEX,838.01,844.16,833.56,840.04,221480220
148,2020-08-07,VNINDEX,840.65,844.33,836.84,841.46,220162060
149,2020-08-10,VNINDEX,845.11,849.52,843.2,843.2,266886920
150,2020-08-11,VNINDEX,847.61,847.61,840.35,843.08,220200320
151,2020-08-12,VNINDEX,844.19,848.54,842.88,846.92,229380860
152,2020-08-13,VNINDEX,849.96,855.19,849.86,855.05,226911600
153,2020-08-14,VNINDEX,854.29,860.32,848.38,850.74,273841100
154,2020-08-17,VNINDEX,848.08,852.05,841.62,850.15,207974100
155,2020-08-18,VNINDEX,846.43,851.06,845.0,846.43,178078740
156,2020-08-19,VNINDEX,847.19,853.15,846.22,851.21,208356760
157,2020-08-20,VNINDEX,851.21,856.99,847.44,848.21,225257430
158,2020-08-21,VNINDEX,849.99,856.45,848.21,854.78,254993250
159,2020-08-24,VNINDEX,860.35,868.68,854.78,868.68,333808460
160,2020-08-25,VNINDEX,870.92,877.57,870.92,874.12,327401910
161,2020-08-26,VNINDEX,873.62,876.97,871.78,873.47,312323380
162,2020-08-27,VNINDEX,872.38,875.71,871.93,874.71,271900810
163,2020-08-28,VNINDEX,878.79,885.86,874.71,878.98,314656850
164,2020-08-31,VNINDEX,882.13,888.44,879.26,881.65,322667280
165,2020-09-01,VNINDEX,882.4,892.51,880.79,891.73,273317520
166,2020-09-03,VNINDEX,898.25,904.32,896.26,903.97,308726200
167,2020-09-04,VNINDEX,896.02,903.97,893.86,901.54,302944640
168,2020-09-07,VNINDEX,903.85,905.8,888.25,888.25,369754460
169,2020-09-08,VNINDEX,891.61,894.58,884.88,890.14,255433630
170,2020-09-09,VNINDEX,883.68,892.4,881.57,889.32,271637930
171,2020-09-10,VNINDEX,895.29,896.78,888.82,888.82,275680070
172,2020-09-11,VNINDEX,888.82,890.98,884.67,888.97,260925560
173,2020-09-14,VNINDEX,891.89,895.31,888.97,894.57,310093510
174,2020-09-15,VNINDEX,896.61,898.74,894.57,896.26,331999340
175,2020-09-16,VNINDEX,897.43,897.58,894.63,897.47,254896560
176,2020-09-17,VNINDEX,897.47,899.41,890.93,894.04,359544010
177,2020-09-18,VNINDEX,896.08,902.11,894.04,900.95,284500330
178,2020-09-21,VNINDEX,904.5,909.78,900.95,907.94,335444870
179,2020-09-22,VNINDEX,905.9,909.69,902.47,906.19,354990230
180,2020-09-23,VNINDEX,908.97,913.52,906.19,912.5,308415530
181,2020-09-24,VNINDEX,910.53,914.51,907.32,908.58,342227190
182,2020-09-25,VNINDEX,910.78,911.3,905.56,908.27,312812490
183,2020-09-28,VNINDEX,911.2,913.6,908.27,912.5,364766720
184,2020-09-29,VNINDEX,916.63,917.49,903.98,903.98,417729640
185,2020-09-30,VNINDEX,904.34,907.0,900.44,905.21,293672500
186,2020-10-01,VNINDEX,910.13,914.09,905.21,914.09,316205380
187,2020-10-02,VNINDEX,914.09,916.67,897.72,909.91,482730800
188,2020-10-05,VNINDEX,913.77,915.55,910.96,914.68,406913470
189,2020-10-06,VNINDEX,918.11,918.93,912.77,915.67,455799490
190,2020-10-07,VNINDEX,913.62,923.57,912.69,919.72,477623200
191,2020-10-08,VNINDEX,922.08,922.08,913.89,918.84,425584130
192,2020-10-09,VNINDEX,919.48,924.0,917.7,924.0,326610120
193,2020-10-12,VNINDEX,930.78,933.13,923.28,925.83,394797160
194,2020-10-13,VNINDEX,926.76,930.96,923.78,929.86,307417390
195,2020-10-14,VNINDEX,931.89,940.18,931.89,940.18,365124980
196,2020-10-15,VNINDEX,945.28,945.93,938.7,942.76,417143340
197,2020-10-16,VNINDEX,944.03,946.23,935.98,943.3,374625520
198,2020-10-19,VNINDEX,945.01,946.29,941.92,943.69,335311440
199,2020-10-20,VNINDEX,941.0,944.54,937.32,944.42,363433030
200,2020-10-21,VNINDEX,947.16,948.2,939.0,939.03,352896560
201,2020-10-22,VNINDEX,938.06,949.9,933.78,949.9,297847000
202,2020-10-23,VNINDEX,953.45,961.26,949.9,961.26,369111310
203,2020-10-26,VNINDEX,967.52,970.15,950.8,950.8,377517530
204,2020-10-27,VNINDEX,950.8,954.72,946.28,946.47,385242630
205,2020-10-28,VNINDEX,942.82,946.91,921.05,921.05,406598890
206,2020-10-29,VNINDEX,916.49,925.84,914.33,919.08,335792470
207,2020-10-30,VNINDEX,925.41,926.32,911.2,925.47,280114700
208,2020-11-02,VNINDEX,926.09,933.68,924.14,933.68,260197290
209,2020-11-03,VNINDEX,936.73,937.57,932.18,935.41,280691040
210,2020-11-04,VNINDEX,935.41,943.56,933.86,939.76,309847110
211,2020-11-05,VNINDEX,940.32,945.51,937.75,937.75,253672780
212,2020-11-06,VNINDEX,939.73,941.2,934.63,938.29,232143730
213,2020-11-09,VNINDEX,942.15,951.99,938.29,951.99,350028640
214,2020-11-10,VNINDEX,962.68,963.47,951.9,951.9,395730970
215,2020-11-11,VNINDEX,954.46,956.65,947.61,952.22,333115900
216,2020-11-12,VNINDEX,953.97,959.28,952.22,959.28,300711560
217,2020-11-13,VNINDEX,959.56,966.29,959.13,966.29,396244600
218,2020-11-16,VNINDEX,970.11,972.98,950.5,950.79,448751740
219,2020-11-17,VNINDEX,955.52,968.9,950.79,968.9,352317830
220,2020-11-18,VNINDEX,969.48,974.3,966.32,973.53,417548590
221,2020-11-19,VNINDEX,975.32,983.26,973.53,983.26,441959450
222,2020-11-20,VNINDEX,984.71,990.0,980.72,990.0,442515130
223,2020-11-23,VNINDEX,991.87,995.9,985.38,994.19,416241780
224,2020-11-24,VNINDEX,996.55,997.99,984.92,995.76,472603060
225,2020-11-25,VNINDEX,1000.39,1002.31,995.76,999.94,410861420
226,2020-11-26,VNINDEX,999.24,1005.97,994.91,1005.97,383440400
227,2020-11-27,VNINDEX,1006.68,1010.22,1004.0,1010.22,356355590
228,2020-11-30,VNINDEX,1011.82,1012.5,1002.61,1003.08,417689660
229,2020-12-01,VNINDEX,988.71,1008.87,988.71,1008.87,505120880
230,2020-12-02,VNINDEX,1008.77,1015.86,1007.91,1014.32,450953340
231,2020-12-03,VNINDEX,1016.73,1020.35,1014.06,1019.8,468398510
232,2020-12-04,VNINDEX,1019.8,1025.17,1018.67,1021.49,496645360
233,2020-12-07,VNINDEX,1024.34,1030.41,1022.14,1029.98,441497880
234,2020-12-08,VNINDEX,1029.98,1032.58,1025.63,1029.26,470435190
235,2020-12-09,VNINDEX,1031.19,1039.55,1030.24,1039.13,526519110
236,2020-12-10,VNINDEX,1041.65,1044.1,1030.91,1030.91,520204600
237,2020-12-11,VNINDEX,1033.19,1045.96,1030.06,1045.96,387847600
238,2020-12-14,VNINDEX,1048.97,1064.09,1045.96,1064.09,471507860
239,2020-12-15,VNINDEX,1062.02,1067.45,1052.01,1055.27,579155230
240,2020-12-16,VNINDEX,1058.34,1066.99,1055.27,1066.99,530251460
241,2020-12-17,VNINDEX,1065.85,1066.99,1051.42,1051.77,596966690
242,2020-12-18,VNINDEX,1055.75,1068.56,1051.77,1067.46,526524670
243,2020-12-21,VNINDEX,1071.62,1081.6,1067.46,1081.08,626766500
244,2020-12-22,VNINDEX,1081.85,1084.23,1077.06,1083.45,661706010
245,2020-12-23,VNINDEX,1087.89,1094.09,1077.92,1078.9,711447510
246,2020-12-24,VNINDEX,1083.83,1084.76,1046.89,1067.52,658279720
247,2020-12-25,VNINDEX,1068.83,1084.42,1061.83,1084.42,564081800
248,2020-12-28,VNINDEX,1094.37,1096.11,1083.9,1091.33,634183550
249,2020-12-29,VNINDEX,1090.49,1102.79,1087.93,1099.49,585681180
250,2020-12-30,VNINDEX,1099.78,1108.83,1094.91,1097.54,587368160
251,2020-12-31,VNINDEX,1098.25,1105.33,1096.27,1103.87,472642020
252,2021-01-04,VNINDEX,1113.77,1126.43,1113.59,1120.47,669130300
253,2021-01-05,VNINDEX,1116.96,1133.16,1116.49,1132.55,672525100
254,2021-01-06,VNINDEX,1139.12,1152.85,1133.7,1143.21,685752700
255,2021-01-07,VNINDEX,1147.26,1156.49,1143.44,1156.49,683626300
256,2021-01-08,VNINDEX,1164.1,1176.33,1160.48,1167.69,724072400
257,2021-01-11,VNINDEX,1176.47,1186.45,1175.0,1184.89,735459400
258,2021-01-12,VNINDEX,1190.38,1192.28,1179.24,1192.28,641960400
259,2021-01-13,VNINDEX,1197.32,1200.82,1183.18,1186.05,707397200
260,2021-01-14,VNINDEX,1189.48,1190.5,1178.84,1187.4,707685900
261,2021-01-15,VNINDEX,1188.84,1197.74,1188.84,1194.2,713128700
262,2021-01-18,VNINDEX,1198.79,1200.85,1190.33,1191.94,676078200
263,2021-01-19,VNINDEX,1189.91,1191.94,1117.17,1131.0,886850500
264,2021-01-20,VNINDEX,1136.5,1142.48,1098.05,1134.68,768338900
265,2021-01-21,VNINDEX,1146.86,1164.21,1132.66,1164.21,636293700
266,2021-01-22,VNINDEX,1166.77,1175.72,1161.43,1166.78,689503400
267,2021-01-25,VNINDEX,1164.2,1172.18,1162.8,1166.05,637824000
268,2021-01-26,VNINDEX,1164.97,1166.05,1121.03,1136.12,717489900
269,2021-01-27,VNINDEX,1122.41,1136.12,1088.86,1097.17,714917500
270,2021-01-28,VNINDEX,1041.71,1052.16,1022.77,1023.94,666812100
271,2021-01-29,VNINDEX,998.33,1076.11,998.33,1056.61,711837700
272,2021-02-01,VNINDEX,1062.13,1074.52,1035.51,1035.51,588446500
273,2021-02-02,VNINDEX,1036.95,1075.53,1029.36,1075.53,526221500
274,2021-02-03,VNINDEX,1084.87,1113.24,1075.53,1111.29,606731400
275,2021-02-04,VNINDEX,1112.97,1117.88,1098.85,1112.19,445476800
276,2021-02-05,VNINDEX,1114.79,1126.91,1112.19,1126.91,436892900
277,2021-02-08,VNINDEX,1127.06,1127.06,1075.1,1083.18,609698500
278,2021-02-09,VNINDEX,1090.88,1114.93,1078.98,1114.93,459794700
279,2021-02-17,VNINDEX,1127.46,1155.78,1114.93,1155.78,482046200
280,2021-02-18,VNINDEX,1157.1,1174.38,1148.66,1174.38,560699200
281,2021-02-19,VNINDEX,1160.65,1178.18,1157.6,1173.5,520714600
282,2021-02-22,VNINDEX,1173.57,1182.67,1169.12,1175.04,542637200
283,2021-02-23,VNINDEX,1174.57,1184.32,1168.32,1177.64,545038100
284,2021-02-24,VNINDEX,1184.32,1185.58,1154.36,1162.01,545511700
285,2021-02-25,VNINDEX,1169.97,1169.97,1155.74,1165.43,468526100
286,2021-02-26,VNINDEX,1148.88,1169.28,1148.88,1168.47,506960700
287,2021-03-01,VNINDEX,1176.93,1186.82,1174.45,1186.17,574423600
288,2021-03-02,VNINDEX,1196.16,1196.16,1181.99,1186.61,512197000
289,2021-03-03,VNINDEX,1184.73,1189.18,1180.25,1186.95,563365200
290,2021-03-04,VNINDEX,1191.78,1191.9,1159.48,1168.52,612855400
291,2021-03-05,VNINDEX,1164.19,1169.56,1155.6,1168.69,537313300
292,2021-03-08,VNINDEX,1180.33,1181.25,1164.02,1168.27,608624800
293,2021-03-09,VNINDEX,1160.96,1168.27,1150.94,1161.97,575592300
294,2021-03-10,VNINDEX,1163.86,1170.59,1154.89,1170.08,547558000
295,2021-03-11,VNINDEX,1170.08,1183.73,1170.08,1181.73,568292300
296,2021-03-12,VNINDEX,1185.21,1186.52,1178.14,1181.56,571414100
297,2021-03-15,VNINDEX,1183.89,1186.06,1178.8,1184.56,616698600
298,2021-03-16,VNINDEX,1184.91,1184.91,1171.76,1179.9,607821300
299,2021-03-17,VNINDEX,1178.64,1186.09,1176.26,1186.09,628147900
300,2021-03-18,VNINDEX,1196.6,1200.94,1186.09,1200.94,554147600
301,2021-03-19,VNINDEX,1195.47,1199.67,1191.96,1194.05,582011200
302,2021-03-22,VNINDEX,1200.05,1200.21,1189.31,1194.43,607716400
303,2021-03-23,VNINDEX,1190.28,1191.47,1177.1,1183.45,624727100
304,2021-03-24,VNINDEX,1169.42,1183.45,1154.22,1161.81,631818400
305,2021-03-25,VNINDEX,1164.41,1170.76,1154.44,1163.1,591235700
306,2021-03-26,VNINDEX,1162.71,1165.76,1137.9,1162.21,611213000
307,2021-03-29,VNINDEX,1169.65,1175.77,1165.78,1175.68,575362200
308,2021-03-30,VNINDEX,1179.64,1187.29,1172.85,1186.36,681706500
309,2021-03-31,VNINDEX,1187.44,1196.45,1186.4,1191.44,651568100
310,2021-04-01,VNINDEX,1194.59,1217.26,1191.44,1216.1,616140600
311,2021-04-02,VNINDEX,1225.76,1228.29,1221.07,1224.45,588762600
312,2021-04-05,VNINDEX,1245.28,1245.28,1228.18,1236.05,613466100
313,2021-04-06,VNINDEX,1233.37,1244.63,1231.14,1239.96,635565900
314,2021-04-07,VNINDEX,1237.39,1242.38,1232.52,1242.38,657493400
315,2021-04-08,VNINDEX,1242.38,1246.4,1232.26,1234.89,617181800
316,2021-04-09,VNINDEX,1231.51,1234.98,1227.6,1231.66,637649300
317,2021-04-12,VNINDEX,1236.79,1252.45,1231.66,1252.45,828755200
318,2021-04-13,VNINDEX,1262.44,1268.02,1247.66,1248.33,948996600
319,2021-04-14,VNINDEX,1240.9,1255.87,1233.01,1255.87,786635900
320,2021-04-15,VNINDEX,1262.25,1265.87,1247.25,1247.25,738699000
321,2021-04-16,VNINDEX,1245.06,1254.61,1227.14,1238.71,917754200
322,2021-04-19,VNINDEX,1243.58,1260.58,1233.77,1260.58,739537900
323,2021-04-20,VNINDEX,1267.74,1286.32,1261.28,1268.28,744607400
324,2021-04-22,VNINDEX,1264.31,1271.98,1227.82,1227.82,698613300
325,2021-04-23,VNINDEX,1227.18,1248.53,1216.15,1248.53,650003400
326,2021-04-26,VNINDEX,1251.25,1251.25,1214.14,1215.77,658568800
327,2021-04-27,VNINDEX,1213.84,1220.96,1204.14,1219.75,521704000
328,2021-04-28,VNINDEX,1220.26,1230.91,1217.49,1229.55,565094300
329,2021-04-29,VNINDEX,1234.91,1239.39,1231.25,1239.39,590035400
330,2021-05-04,VNINDEX,1222.08,1242.8,1212.56,1242.2,685755900
331,2021-05-05,VNINDEX,1244.69,1265.93,1242.2,1256.43,654569700
332,2021-05-06,VNINDEX,1255.42,1261.49,1246.64,1250.57,641117500
333,2021-05-07,VNINDEX,1245.48,1250.5,1231.92,1241.81,714688200
334,2021-05-10,VNINDEX,1239.96,1259.58,1236.85,1259.58,697146500
335,2021-05-11,VNINDEX,1265.11,1272.55,1256.04,1256.04,675426300
336,2021-05-12,VNINDEX,1251.97,1269.09,1249.18,1269.09,633464200
337,2021-05-13,VNINDEX,1262.98,1273.49,1261.99,1261.99,652466800
338,2021-05-14,VNINDEX,1266.43,1271.45,1259.97,1266.36,646009100
339,2021-05-17,VNINDEX,1272.55,1277.83,1258.5,1258.7,672713200
340,2021-05-18,VNINDEX,1259.57,1262.22,1249.02,1252.68,634400100
341,2021-05-19,VNINDEX,1254.78,1262.71,1250.58,1262.49,623892200
342,2021-05-20,VNINDEX,1264.62,1278.22,1255.78,1278.22,680615500
343,2021-05-21,VNINDEX,1272.84,1289.03,1268.46,1283.93,625629100
344,2021-05-24,VNINDEX,1287.5,1299.83,1283.93,1297.98,640625700
345,2021-05-25,VNINDEX,1299.19,1308.58,1297.23,1308.58,616066700
346,2021-05-26,VNINDEX,1308.04,1317.3,1304.68,1316.7,659595400
347,2021-05-27,VNINDEX,1318.42,1319.67,1299.99,1303.57,665777400
348,2021-05-28,VNINDEX,1307.79,1323.09,1300.06,1320.46,702181700
349,2021-05-31,VNINDEX,1326.65,1328.05,1307.56,1328.05,685028300
350,2021-06-01,VNINDEX,1329.47,1346.34,1328.84,1337.78,584817500
351,2021-06-02,VNINDEX,1330.99,1344.98,1330.82,1340.78,740763400
352,2021-06-03,VNINDEX,1345.21,1366.0,1340.78,1364.28,841507900
353,2021-06-04,VNINDEX,1367.06,1374.05,1360.42,1374.05,872452800
354,2021-06-07,VNINDEX,1374.59,1375.74,1347.21,1358.78,826169700
355,2021-06-08,VNINDEX,1355.36,1364.48,1318.11,1319.88,857967000
356,2021-06-09,VNINDEX,1323.52,1339.14,1312.08,1332.9,750693000
357,2021-06-10,VNINDEX,1332.9,1336.71,1317.49,1323.58,665592200
358,2021-06-11,VNINDEX,1326.79,1352.47,1322.08,1351.74,694619900
359,2021-06-14,VNINDEX,1352.73,1368.53,1352.73,1361.72,704021300
360,2021-06-15,VNINDEX,1361.58,1372.72,1356.59,1367.36,694197500
361,2021-06-16,VNINDEX,1363.85,1370.14,1350.73,1356.52,731329200
362,2021-06-17,VNINDEX,1353.84,1353.84,1337.49,1359.92,704236700
363,2021-06-18,VNINDEX,1366.19,1377.77,1359.92,1377.77,741785200
364,2021-06-21,VNINDEX,1373.59,1381.74,1367.85,1372.63,722673600
365,2021-06-22,VNINDEX,1380.84,1385.98,1372.63,1379.97,685249500
366,2021-06-23,VNINDEX,1383.15,1388.33,1372.06,1376.87,635671800
367,2021-06-24,VNINDEX,1376.87,1384.71,1372.99,1379.72,529135200
368,2021-06-25,VNINDEX,1382.11,1390.12,1372.8,1390.12,510070000
369,2021-06-28,VNINDEX,1397.96,1406.02,1390.56,1405.81,643843600
370,2021-06-29,VNINDEX,1408.34,1416.34,1405.81,1410.04,597483200
371,2021-06-30,VNINDEX,1410.83,1419.61,1408.18,1408.55,520397700
372,2021-07-01,VNINDEX,1412.15,1417.27,1402.18,1417.08,688259900
373,2021-07-02,VNINDEX,1422.89,1424.28,1415.82,1420.27,638260100
374,2021-07-05,VNINDEX,1420.27,1421.52,1394.12,1411.13,763287300
375,2021-07-06,VNINDEX,1412.93,1418.99,1354.79,1354.79,762108800
376,2021-07-07,VNINDEX,1361.76,1388.55,1334.58,1388.55,721213400
377,2021-07-08,VNINDEX,1381.11,1385.75,1363.92,1374.68,520186100
378,2021-07-09,VNINDEX,1365.28,1373.51,1335.9,1347.14,701591000
379,2021-07-12,VNINDEX,1338.11,1340.65,1270.06,1296.3,895935000
380,2021-07-13,VNINDEX,1305.36,1307.73,1278.3,1297.54,489817300
381,2021-07-14,VNINDEX,1297.54,1305.37,1264.68,1279.91,537526800
382,2021-07-15,VNINDEX,1270.77,1299.18,1270.77,1293.92,410860200
383,2021-07-16,VNINDEX,1298.38,1304.37,1296.06,1299.31,407835900
384,2021-07-19,VNINDEX,1270.18,1276.55,1237.79,1243.51,661312300
385,2021-07-20,VNINDEX,1243.51,1273.29,1225.52,1273.29,529526200
386,2021-07-21,VNINDEX,1277.27,1284.33,1266.71,1270.79,387700800
387,2021-07-22,VNINDEX,1270.79,1294.16,1266.54,1293.67,484899000
388,2021-07-23,VNINDEX,1288.83,1295.63,1268.83,1268.83,542390300
389,2021-07-26,VNINDEX,1268.83,1277.33,1254.57,1272.71,452370000
390,2021-07-27,VNINDEX,1283.67,1288.35,1276.53,1276.93,510647200
391,2021-07-28,VNINDEX,1273.48,1281.17,1271.78,1277.07,352981000
392,2021-07-29,VNINDEX,1286.33,1293.6,1282.88,1293.6,434028400
393,2021-07-30,VNINDEX,1298.01,1311.97,1296.95,1310.05,603387400
394,2021-08-02,VNINDEX,1308.69,1322.35,1304.49,1314.22,575155300
395,2021-08-03,VNINDEX,1316.15,1332.44,1315.57,1332.44,603630100
396,2021-08-04,VNINDEX,1337.72,1340.76,1328.4,1334.74,609611000
397,2021-08-05,VNINDEX,1331.14,1346.62,1326.8,1345.55,570804900
398,2021-08-06,VNINDEX,1348.24,1351.85,1341.45,1341.45,663742700
399,2021-08-09,VNINDEX,1337.78,1361.12,1334.69,1359.86,636278900
400,2021-08-10,VNINDEX,1367.99,1370.35,1358.12,1362.43,664188000
401,2021-08-11,VNINDEX,1365.05,1374.03,1357.79,1357.79,750543100
402,2021-08-12,VNINDEX,1356.27,1364.26,1353.05,1353.05,707595600
403,2021-08-13,VNINDEX,1352.56,1357.41,1336.74,1357.05,712033900
404,2021-08-16,VNINDEX,1357.05,1372.33,1357.05,1370.96,790657200
405,2021-08-17,VNINDEX,1377.7,1379.7,1359.11,1363.09,725626800
406,2021-08-18,VNINDEX,1361.24,1370.5,1355.83,1360.94,623257200
407,2021-08-19,VNINDEX,1360.61,1374.85,1352.94,1374.85,646885200
408,2021-08-20,VNINDEX,1374.85,1374.85,1317.52,1329.43,1162172100
409,2021-08-23,VNINDEX,1322.62,1327.04,1298.86,1298.86,747995000
410,2021-08-24,VNINDEX,1304.0,1307.56,1289.16,1298.74,634592900
411,2021-08-25,VNINDEX,1300.74,1310.16,1291.7,1309.55,469248200
412,2021-08-26,VNINDEX,1313.18,1316.26,1295.77,1301.12,489976000
413,2021-08-27,VNINDEX,1301.12,1313.2,1285.16,1313.2,622856200
414,2021-08-30,VNINDEX,1323.39,1329.62,1313.2,1328.14,619477300
415,2021-08-31,VNINDEX,1332.62,1336.14,1325.69,1331.47,700384100
416,2021-09-01,VNINDEX,1328.54,1338.02,1328.26,1334.65,656904200
417,2021-09-06,VNINDEX,1340.71,1348.36,1339.8,1346.39,871508000
418,2021-09-07,VNINDEX,1349.13,1353.66,1340.32,1341.9,829928300
419,2021-09-08,VNINDEX,1343.92,1344.49,1328.35,1333.61,580802100
420,2021-09-09,VNINDEX,1333.61,1345.59,1332.67,1343.98,563607000
421,2021-09-10,VNINDEX,1348.74,1350.43,1345.07,1345.31,530762800
422,2021-09-13,VNINDEX,1348.07,1350.69,1340.5,1341.43,719863400
423,2021-09-14,VNINDEX,1343.38,1349.13,1336.84,1339.7,670954500
424,2021-09-15,VNINDEX,1338.11,1347.7,1334.97,1345.83,622274200
425,2021-09-16,VNINDEX,1351.85,1353.12,1341.23,1345.87,547188700
426,2021-09-17,VNINDEX,1347.66,1356.45,1347.13,1352.64,773922200
427,2021-09-20,VNINDEX,1361.12,1365.92,1349.18,1350.48,820277200
428,2021-09-21,VNINDEX,1335.96,1350.48,1324.82,1339.84,787035700
429,2021-09-22,VNINDEX,1339.84,1350.71,1336.63,1350.68,706204600
430,2021-09-23,VNINDEX,1357.65,1361.09,1350.43,1352.76,937843800
431,2021-09-24,VNINDEX,1354.84,1356.97,1348.07,1351.17,612874400
432,2021-09-27,VNINDEX,1353.39,1354.38,1324.99,1324.99,702783900
433,2021-09-28,VNINDEX,1319.53,1341.81,1316.41,1339.31,567532100
434,2021-09-29,VNINDEX,1338.8,1340.9,1328.17,1339.21,545429900
435,2021-09-30,VNINDEX,1341.83,1348.89,1341.15,1342.06,420717600
436,2021-10-01,VNINDEX,1339.68,1344.06,1332.97,1334.89,584601900
437,2021-10-04,VNINDEX,1337.74,1347.49,1334.4,1339.54,683485400
438,2021-10-05,VNINDEX,1345.43,1354.63,1343.48,1354.63,555948300
439,2021-10-06,VNINDEX,1359.63,1362.82,1354.63,1362.82,575444400
440,2021-10-07,VNINDEX,1365.54,1367.64,1360.57,1365.99,640283100
441,2021-10-08,VNINDEX,1365.99,1373.18,1365.93,1372.73,580722600
442,2021-10-11,VNINDEX,1377.53,1394.64,1377.3,1394.09,695144700
443,2021-10-12,VNINDEX,1398.03,1400.78,1389.43,1394.8,680550900
444,2021-10-13,VNINDEX,1398.21,1400.67,1389.61,1391.91,581359400
445,2021-10-14,VNINDEX,1392.88,1398.67,1388.89,1391.85,669287500
446,2021-10-15,VNINDEX,1395.81,1399.03,1388.0,1392.7,710519000
447,2021-10-18,VNINDEX,1395.57,1402.63,1390.88,1395.53,740018700
448,2021-10-19,VNINDEX,1395.53,1399.66,1388.95,1395.33,582318100
449,2021-10-20,VNINDEX,1398.45,1401.76,1376.15,1393.8,771825800
450,2021-10-21,VNINDEX,1397.59,1398.45,1384.77,1384.77,659155300
451,2021-10-22,VNINDEX,1384.77,1393.7,1384.77,1389.24,722492800
452,2021-10-25,VNINDEX,1395.45,1395.72,1385.4,1385.4,839836200
453,2021-10-26,VNINDEX,1384.12,1393.03,1377.56,1391.63,666130300
454,2021-10-27,VNINDEX,1397.51,1423.02,1395.83,1423.02,830868000
455,2021-10-28,VNINDEX,1427.89,1440.64,1420.42,1438.01,793709800
456,2021-10-29,VNINDEX,1439.27,1447.62,1432.19,1444.27,903703600
457,2021-11-01,VNINDEX,1449.32,1451.81,1435.57,1438.97,1048323800
458,2021-11-02,VNINDEX,1439.61,1452.46,1438.83,1452.46,939881300
459,2021-11-03,VNINDEX,1460.44,1463.63,1444.3,1444.3,1411319400
460,2021-11-04,VNINDEX,1442.89,1451.98,1435.84,1448.34,860185400
461,2021-11-05,VNINDEX,1450.71,1459.49,1444.51,1456.51,813598700
462,2021-11-08,VNINDEX,1461.61,1470.49,1456.51,1467.57,968067400
463,2021-11-09,VNINDEX,1469.94,1474.2,1457.57,1461.5,970241100
464,2021-11-10,VNINDEX,1465.1,1470.19,1457.98,1465.02,925701000
465,2021-11-11,VNINDEX,1469.22,1472.89,1449.18,1462.35,1170544800
466,2021-11-12,VNINDEX,1462.35,1474.57,1453.22,1473.37,879182900
467,2021-11-15,VNINDEX,1481.75,1481.96,1466.01,1476.57,1114244700
468,2021-11-16,VNINDEX,1472.82,1476.97,1459.08,1466.45,1124412600
469,2021-11-17,VNINDEX,1466.45,1477.04,1464.78,1475.85,800040000
470,2021-11-18,VNINDEX,1479.39,1482.87,1469.83,1469.83,1016609500
471,2021-11-19,VNINDEX,1475.0,1481.53,1434.69,1452.35,1452208700
472,2021-11-22,VNINDEX,1453.35,1466.46,1442.85,1447.25,1177326300
473,2021-11-23,VNINDEX,1442.66,1463.63,1438.41,1463.63,810865000
474,2021-11-24,VNINDEX,1470.66,1491.05,1467.29,1488.87,1025021500
475,2021-11-25,VNINDEX,1496.41,1505.36,1490.32,1500.81,908516000
476,2021-11-26,VNINDEX,1506.69,1511.68,1488.83,1493.03,966269500
477,2021-11-29,VNINDEX,1467.48,1488.93,1467.35,1484.84,932067900
478,2021-11-30,VNINDEX,1500.24,1503.09,1471.57,1478.44,1005714000
479,2021-12-01,VNINDEX,1477.85,1487.68,1471.3,1485.19,810951400
480,2021-12-02,VNINDEX,1489.12,1493.84,1482.05,1482.05,719084000
481,2021-12-03,VNINDEX,1490.4,1491.2,1443.32,1443.32,997434600
482,2021-12-06,VNINDEX,1446.28,1452.55,1400.87,1413.58,975385500
483,2021-12-07,VNINDEX,1426.88,1446.77,1421.6,1446.77,662111000
484,2021-12-08,VNINDEX,1446.77,1460.28,1446.77,1452.87,709378100
485,2021-12-09,VNINDEX,1448.29,1467.98,1446.88,1467.98,610084100
486,2021-12-10,VNINDEX,1470.55,1475.85,1461.78,1463.54,759422200
487,2021-12-13,VNINDEX,1471.96,1481.7,1470.08,1476.21,787630800
488,2021-12-14,VNINDEX,1476.82,1485.14,1469.21,1476.02,887700200
489,2021-12-15,VNINDEX,1476.02,1481.67,1468.21,1475.5,838899800
490,2021-12-16,VNINDEX,1481.85,1482.32,1468.95,1476.61,867439300
491,2021-12-17,VNINDEX,1481.76,1487.73,1476.61,1479.79,1032891100
492,2021-12-20,VNINDEX,1482.09,1483.85,1468.88,1477.33,910354780
493,2021-12-21,VNINDEX,1475.31,1486.09,1472.43,1478.74,867992218
494,2021-12-22,VNINDEX,1485.4,1489.24,1471.84,1477.67,1032293743
495,2021-12-23,VNINDEX,1480.52,1481.21,1447.14,1456.96,1267439407
496,2021-12-24,VNINDEX,1465.0,1478.8,1456.32,1477.03,856070439
497,2021-12-27,VNINDEX,1485.1,1490.12,1469.91,1488.88,717070918
498,2021-12-28,VNINDEX,1497.16,1499.77,1483.97,1494.39,934384700
499,2021-12-29,VNINDEX,1498.3,1498.91,1485.82,1485.82,794969800
500,2021-12-30,VNINDEX,1491.24,1493.38,1484.82,1485.97,724365200
501,2021-12-31,VNINDEX,1490.25,1499.07,1485.97,1498.28,846534300
502,2022-01-04,VNINDEX,1508.15,1526.69,1498.28,1525.58,787479200
503,2022-01-05,VNINDEX,1529.06,1535.82,1522.5,1522.5,955697900
504,2022-01-06,VNINDEX,1518.94,1536.24,1518.18,1528.57,1089214800
505,2022-01-07,VNINDEX,1534.44,1534.52,1524.96,1528.48,951525400
506,2022-01-10,VNINDEX,1530.74,1536.45,1503.71,1503.71,1316091200
507,2022-01-11,VNINDEX,1506.73,1512.05,1488.4,1492.31,1219958100
508,2022-01-12,VNINDEX,1491.3,1510.51,1464.49,1510.51,1066699800
509,2022-01-13,VNINDEX,1519.79,1522.6,1495.13,1496.05,938652200
510,2022-01-14,VNINDEX,1477.34,1503.25,1476.68,1496.02,711209200
511,2022-01-17,VNINDEX,1499.47,1503.86,1452.84,1452.84,885918500
512,2022-01-18,VNINDEX,1444.16,1452.84,1424.65,1438.94,663088300
513,2022-01-19,VNINDEX,1444.6,1449.11,1434.46,1442.79,536466400
514,2022-01-20,VNINDEX,1439.06,1469.08,1432.58,1465.3,735877900
515,2022-01-21,VNINDEX,1470.96,1477.23,1463.06,1472.89,753804800
516,2022-01-24,VNINDEX,1465.33,1472.89,1432.18,1439.71,754916000
517,2022-01-25,VNINDEX,1433.2,1479.58,1424.36,1479.58,675565100
518,2022-01-26,VNINDEX,1485.83,1490.45,1478.41,1481.58,733274800
519,2022-01-27,VNINDEX,1475.45,1486.39,1464.06,1470.76,494450500
520,2022-01-28,VNINDEX,1471.47,1484.48,1465.22,1478.96,632108500
521,2022-02-07,VNINDEX,1497.55,1505.69,1478.96,1497.66,514106400
522,2022-02-08,VNINDEX,1495.58,1503.33,1491.78,1500.99,657543900
523,2022-02-09,VNINDEX,1500.78,1511.72,1499.53,1505.38,712308800
524,2022-02-10,VNINDEX,1505.38,1512.88,1495.7,1506.79,585239000
525,2022-02-11,VNINDEX,1503.37,1508.54,1499.06,1501.71,548873400
526,2022-02-14,VNINDEX,1485.75,1495.99,1471.96,1471.96,716040200
527,2022-02-15,VNINDEX,1473.92,1495.56,1470.06,1492.75,535470800
528,2022-02-16,VNINDEX,1499.03,1499.5,1486.68,1492.1,592349200
529,2022-02-17,VNINDEX,1492.56,1507.99,1492.1,1507.99,562210800
530,2022-02-18,VNINDEX,1494.3,1507.99,1492.38,1504.84,644038600
531,2022-02-21,VNINDEX,1504.96,1516.63,1500.97,1510.84,700630100
532,2022-02-22,VNINDEX,1497.46,1510.84,1484.81,1503.47,840921100
533,2022-02-23,VNINDEX,1509.42,1520.78,1503.47,1512.3,626441100
534,2022-02-24,VNINDEX,1511.84,1513.25,1473.76,1494.85,1081033200
535,2022-02-25,VNINDEX,1504.37,1512.05,1494.85,1498.89,688367500
536,2022-02-28,VNINDEX,1499.31,1502.36,1487.57,1490.13,660300600
537,2022-03-01,VNINDEX,1493.41,1501.73,1490.13,1498.78,763985300
538,2022-03-02,VNINDEX,1499.37,1500.41,1479.55,1485.52,864826100
539,2022-03-03,VNINDEX,1492.42,1505.0,1485.52,1505.0,856180700
540,2022-03-04,VNINDEX,1506.79,1509.19,1501.39,1505.33,842435300
541,2022-03-07,VNINDEX,1500.65,1505.33,1493.87,1499.05,944252700
542,2022-03-08,VNINDEX,1499.05,1499.05,1473.71,1473.71,946264000
543,2022-03-09,VNINDEX,1478.16,1482.86,1462.8,1473.74,859273700
544,2022-03-10,VNINDEX,1473.74,1488.59,1473.74,1479.08,606653300
545,2022-03-11,VNINDEX,1478.23,1480.29,1458.88,1466.54,827336200
546,2022-03-14,VNINDEX,1459.28,1466.54,1439.19,1446.25,783682300
547,2022-03-15,VNINDEX,1445.05,1453.07,1437.27,1452.74,614172600
548,2022-03-16,VNINDEX,1459.97,1462.98,1453.91,1459.33,525397100
549,2022-03-17,VNINDEX,1466.56,1467.74,1459.14,1461.34,665148800
550,2022-03-18,VNINDEX,1466.14,1474.86,1465.57,1469.1,721230300
551,2022-03-21,VNINDEX,1469.1,1494.95,1469.1,1494.95,728427200
552,2022-03-22,VNINDEX,1500.08,1507.71,1498.48,1503.78,907837000
553,2022-03-23,VNINDEX,1505.76,1513.9,1501.67,1502.34,754499800
554,2022-03-24,VNINDEX,1503.91,1505.39,1495.18,1498.26,731841800
555,2022-03-25,VNINDEX,1500.17,1503.29,1494.55,1498.5,697177400
556,2022-03-28,VNINDEX,1490.28,1496.79,1473.8,1483.18,956230200
557,2022-03-29,VNINDEX,1487.57,1498.45,1487.57,1497.76,658819400
558,2022-03-30,VNINDEX,1491.92,1503.89,1483.9,1490.51,851999600
559,2022-03-31,VNINDEX,1492.5,1498.41,1488.27,1492.15,601257500
560,2022-04-01,VNINDEX,1489.48,1516.87,1484.13,1516.44,890089000
561,2022-04-04,VNINDEX,1528.87,1530.95,1522.82,1524.7,697174200
562,2022-04-05,VNINDEX,1521.37,1527.57,1519.28,1520.03,631745800
563,2022-04-06,VNINDEX,1510.69,1523.75,1507.62,1522.9,873777900
564,2022-04-07,VNINDEX,1524.12,1524.92,1502.35,1502.35,727039800
565,2022-04-08,VNINDEX,1504.31,1507.73,1482.0,1482.0,712360900
566,2022-04-12,VNINDEX,1487.86,1490.58,1455.25,1455.25,629961600
567,2022-04-13,VNINDEX,1459.48,1477.2,1448.52,1477.2,636344500
568,2022-04-14,VNINDEX,1483.08,1484.34,1471.75,1472.12,498914000
569,2022-04-15,VNINDEX,1470.53,1478.95,1456.39,1458.56,606633800
570,2022-04-18,VNINDEX,1456.47,1456.47,1425.07,1432.6,753341100
571,2022-04-19,VNINDEX,1435.82,1442.04,1406.45,1406.45,666337000
572,2022-04-20,VNINDEX,1401.63,1410.64,1384.72,1384.72,619272500
573,2022-04-21,VNINDEX,1369.8,1392.33,1356.58,1370.21,741348500
574,2022-04-22,VNINDEX,1378.28,1392.89,1352.43,1379.23,753461700
575,2022-04-25,VNINDEX,1377.83,1382.13,1298.38,1310.92,696873600
576,2022-04-26,VNINDEX,1285.4,1341.34,1261.4,1341.34,673169600
577,2022-04-27,VNINDEX,1331.73,1355.92,1314.81,1353.77,457363500
578,2022-04-28,VNINDEX,1353.48,1358.07,1344.1,1350.99,431624900
579,2022-04-29,VNINDEX,1347.08,1369.31,1343.24,1366.8,506318600
580,2022-05-04,VNINDEX,1366.11,1366.39,1348.68,1348.68,478584000
581,2022-05-05,VNINDEX,1361.62,1362.18,1331.41,1360.68,486348000
582,2022-05-06,VNINDEX,1333.55,1350.09,1328.13,1329.26,480060200
583,2022-05-09,VNINDEX,1313.49,1314.52,1265.54,1269.62,594700900
584,2022-05-10,VNINDEX,1240.93,1293.56,1232.57,1293.56,576228000
585,2022-05-11,VNINDEX,1295.39,1305.17,1277.91,1301.53,353028500
586,2022-05-12,VNINDEX,1290.04,1291.65,1238.05,1238.84,485689700
587,2022-05-13,VNINDEX,1235.03,1237.8,1180.6,1182.77,698929900
588,2022-05-16,VNINDEX,1208.05,1215.96,1170.59,1171.95,518482600
589,2022-05-17,VNINDEX,1164.32,1228.37,1156.54,1228.37,511336600
590,2022-05-18,VNINDEX,1240.06,1249.84,1222.92,1240.76,482632400
591,2022-05-19,VNINDEX,1211.31,1246.66,1211.07,1241.64,434032300
592,2022-05-20,VNINDEX,1241.07,1252.96,1232.33,1240.71,433866800
593,2022-05-23,VNINDEX,1246.56,1246.58,1207.99,1218.81,461263400
594,2022-05-24,VNINDEX,1218.87,1233.38,1203.28,1233.38,449412100
595,2022-05-25,VNINDEX,1238.12,1268.43,1234.17,1268.43,581899800
596,2022-05-26,VNINDEX,1273.8,1278.11,1261.55,1268.57,475682700
597,2022-05-27,VNINDEX,1270.56,1286.99,1269.29,1285.45,540552700
598,2022-05-30,VNINDEX,1290.11,1296.22,1281.27,1293.92,459151100
599,2022-05-31,VNINDEX,1288.63,1297.64,1280.44,1292.68,507075900
600,2022-06-01,VNINDEX,1289.56,1302.25,1286.01,1299.52,471011700
601,2022-06-02,VNINDEX,1300.58,1302.66,1283.32,1288.62,491001100
602,2022-06-03,VNINDEX,1284.62,1292.78,1276.37,1287.98,405499400
603,2022-06-06,VNINDEX,1290.04,1302.14,1281.95,1290.01,512858000
604,2022-06-07,VNINDEX,1285.07,1291.35,1260.92,1291.35,581872400
605,2022-06-08,VNINDEX,1307.91,1316.78,1304.79,1307.91,507697500
606,2022-06-09,VNINDEX,1310.35,1312.44,1300.85,1307.8,405524900
607,2022-06-10,VNINDEX,1298.78,1309.59,1284.08,1284.08,532694800
608,2022-06-13,VNINDEX,1251.08,1261.54,1226.01,1227.04,653835200
609,2022-06-14,VNINDEX,1213.44,1239.36,1211.13,1230.31,489064500
610,2022-06-15,VNINDEX,1231.23,1235.56,1195.19,1213.93,595627900
611,2022-06-16,VNINDEX,1226.96,1246.32,1223.0,1236.63,489216600
612,2022-06-17,VNINDEX,1210.5,1220.41,1191.92,1217.3,642303400
613,2022-06-20,VNINDEX,1218.37,1221.6,1180.4,1180.4,577833800
614,2022-06-21,VNINDEX,1172.98,1189.97,1162.94,1172.47,571071800
615,2022-06-22,VNINDEX,1180.11,1185.86,1162.98,1169.27,487557600
616,2022-06-23,VNINDEX,1162.06,1188.88,1162.06,1188.88,345554900
617,2022-06-24,VNINDEX,1190.82,1196.85,1185.48,1185.48,364235600
618,2022-06-27,VNINDEX,1189.28,1203.51,1187.38,1202.82,398109600
619,2022-06-28,VNINDEX,1202.41,1221.74,1198.99,1218.1,493990900
620,2022-06-29,VNINDEX,1208.11,1219.58,1207.38,1218.09,484930800
621,2022-06-30,VNINDEX,1218.22,1220.51,1197.6,1197.6,442681300
622,2022-07-01,VNINDEX,1193.04,1202.41,1170.95,1198.9,463310500
623,2022-07-04,VNINDEX,1206.47,1208.96,1192.63,1195.53,377655400
624,2022-07-05,VNINDEX,1198.42,1200.99,1181.29,1181.29,524671700
625,2022-07-06,VNINDEX,1167.33,1175.26,1147.63,1149.61,469155400
626,2022-07-07,VNINDEX,1148.97,1166.48,1142.8,1166.48,332805500
627,2022-07-08,VNINDEX,1173.93,1177.18,1164.23,1171.31,406518500
628,2022-07-11,VNINDEX,1161.3,1165.23,1144.55,1155.29,456302500
629,2022-07-12,VNINDEX,1154.31,1174.82,1153.55,1174.82,442983900
630,2022-07-13,VNINDEX,1174.82,1182.21,1170.92,1173.92,490724400
631,2022-07-14,VNINDEX,1170.7,1182.17,1170.04,1182.17,460052000
632,2022-07-15,VNINDEX,1183.15,1189.66,1178.12,1179.25,512558100
633,2022-07-18,VNINDEX,1184.74,1184.93,1174.7,1176.49,448610400
634,2022-07-19,VNINDEX,1176.48,1180.46,1168.99,1178.33,444036800
635,2022-07-20,VNINDEX,1188.12,1198.63,1185.82,1194.14,601098600
636,2022-07-21,VNINDEX,1195.03,1201.91,1194.97,1198.47,500624000
637,2022-07-22,VNINDEX,1199.16,1202.69,1194.76,1194.76,448428100
638,2022-07-25,VNINDEX,1191.43,1198.16,1184.32,1188.5,410066000
639,2022-07-26,VNINDEX,1189.42,1194.15,1184.44,1185.07,388328300
640,2022-07-27,VNINDEX,1180.83,1191.04,1178.58,1191.04,387799200
641,2022-07-28,VNINDEX,1201.77,1214.03,1198.68,1208.12,620546700
642,2022-07-29,VNINDEX,1214.32,1217.84,1206.33,1206.33,537058300
643,2022-08-01,VNINDEX,1209.05,1231.35,1209.04,1231.35,681871300
644,2022-08-02,VNINDEX,1230.31,1241.91,1224.11,1241.62,734388200
645,2022-08-03,VNINDEX,1233.84,1250.2,1232.41,1249.76,702358600
646,2022-08-04,VNINDEX,1252.49,1257.38,1247.38,1254.15,655935800
647,2022-08-05,VNINDEX,1250.25,1253.75,1245.05,1252.74,604391400
648,2022-08-08,VNINDEX,1252.36,1258.84,1252.04,1256.75,634015600
649,2022-08-09,VNINDEX,1260.36,1263.14,1252.84,1258.85,655262300
650,2022-08-10,VNINDEX,1255.69,1260.36,1253.89,1256.5,584384800
651,2022-08-11,VNINDEX,1267.37,1268.03,1245.85,1252.07,765336500
652,2022-08-12,VNINDEX,1250.76,1262.33,1248.65,1262.33,508817800
653,2022-08-15,VNINDEX,1268.56,1274.24,1267.14,1274.2,585580500
654,2022-08-16,VNINDEX,1274.08,1275.93,1271.11,1274.69,569526100
655,2022-08-17,VNINDEX,1276.76,1280.61,1271.97,1275.28,644581600
656,2022-08-18,VNINDEX,1273.45,1283.15,1268.64,1273.66,558424300
657,2022-08-19,VNINDEX,1272.23,1280.0,1263.45,1269.18,568209800
658,2022-08-22,VNINDEX,1264.64,1270.57,1255.83,1260.43,566785900
659,2022-08-23,VNINDEX,1253.45,1270.81,1253.45,1270.81,520796300
660,2022-08-24,VNINDEX,1275.65,1280.36,1272.33,1277.16,519810800
661,2022-08-25,VNINDEX,1280.44,1289.18,1280.28,1288.88,562124700
662,2022-08-26,VNINDEX,1291.34,1295.12,1280.05,1282.57,614354500
663,2022-08-29,VNINDEX,1263.81,1270.8,1249.17,1270.8,793997300
664,2022-08-30,VNINDEX,1274.99,1287.65,1274.0,1279.39,473770000
665,2022-08-31,VNINDEX,1276.32,1285.29,1274.99,1280.51,462420100
666,2022-09-05,VNINDEX,1280.26,1285.7,1275.35,1277.35,466166300
667,2022-09-06,VNINDEX,1277.35,1286.92,1277.35,1277.4,537987600
668,2022-09-07,VNINDEX,1274.68,1275.07,1243.17,1243.17,796593600
669,2022-09-08,VNINDEX,1251.22,1251.36,1234.6,1234.6,557779800
670,2022-09-09,VNINDEX,1241.26,1248.78,1228.54,1248.78,542039800
671,2022-09-12,VNINDEX,1255.0,1257.8,1248.97,1249.62,390724336
672,2022-09-13,VNINDEX,1251.1,1252.35,1243.87,1248.4,410707381
673,2022-09-14,VNINDEX,1229.76,1242.17,1228.51,1240.77,574337899
674,2022-09-15,VNINDEX,1246.92,1250.93,1243.45,1245.66,385727500
675,2022-09-16,VNINDEX,1243.38,1246.17,1230.37,1235.74,326688789
676,2022-09-19,VNINDEX,1231.45,1233.46,1202.07,1205.43,641803999
677,2022-09-20,VNINDEX,1212.08,1218.93,1199.71,1218.93,412723400
678,2022-09-21,VNINDEX,1213.47,1217.28,1204.68,1210.55,325527500
679,2022-09-22,VNINDEX,1200.61,1214.7,1196.64,1214.7,435982100
680,2022-09-23,VNINDEX,1212.61,1216.59,1201.45,1203.28,443208000
681,2022-09-26,VNINDEX,1186.72,1190.27,1159.12,1174.35,701894100
682,2022-09-27,VNINDEX,1177.51,1180.75,1166.44,1166.54,415135800
683,2022-09-28,VNINDEX,1158.53,1162.6,1142.79,1143.62,496730000
684,2022-09-29,VNINDEX,1157.09,1159.49,1126.07,1126.07,415993300
685,2022-09-30,VNINDEX,1115.2,1135.47,1099.44,1132.11,612447100
686,2022-10-03,VNINDEX,1124.46,1126.46,1079.86,1086.44,501911900
687,2022-10-04,VNINDEX,1095.65,1100.42,1069.74,1078.14,513862500
688,2022-10-05,VNINDEX,1092.12,1110.21,1092.12,1104.26,396842100
689,2022-10-06,VNINDEX,1105.31,1106.97,1072.57,1074.52,499954800
690,2022-10-07,VNINDEX,1061.93,1062.23,1022.38,1035.91,788668100
691,2022-10-10,VNINDEX,1019.67,1051.02,1012.94,1042.48,541876100
692,2022-10-11,VNINDEX,1036.39,1036.42,998.64,1006.2,580908400
693,2022-10-12,VNINDEX,1006.1,1039.44,1002.89,1034.81,532825500
694,2022-10-13,VNINDEX,1035.33,1050.99,1025.04,1050.99,402643700
695,2022-10-14,VNINDEX,1066.63,1068.12,1055.29,1061.85,506303900
696,2022-10-17,VNINDEX,1053.46,1054.05,1033.59,1051.58,435723100
697,2022-10-18,VNINDEX,1065.6,1071.74,1057.71,1063.66,466433900
698,2022-10-19,VNINDEX,1065.08,1065.99,1052.29,1060.07,343358600
699,2022-10-20,VNINDEX,1056.14,1065.28,1048.21,1058.45,352499633
700,2022-10-21,VNINDEX,1059.03,1059.03,1013.69,1019.82,642204890
701,2022-10-24,VNINDEX,1021.25,1023.51,977.41,986.15,547149700
702,2022-10-25,VNINDEX,980.33,1011.39,962.45,981.18,626242100
703,2022-10-26,VNINDEX,1000.71,1004.55,984.71,985.92,325134000
704,2022-10-27,VNINDEX,994.82,1028.01,990.48,1028.01,572328800
705,2022-10-28,VNINDEX,1035.41,1044.57,1026.53,1027.36,515678504
706,2022-10-31,VNINDEX,1028.24,1030.32,1005.0,1027.94,581502900
707,2022-11-01,VNINDEX,1034.77,1043.53,1027.39,1033.75,575844000
708,2022-11-02,VNINDEX,1033.51,1034.73,1018.64,1023.19,488346900
709,2022-11-03,VNINDEX,1011.41,1023.95,1010.65,1019.81,404442900
710,2022-11-04,VNINDEX,1008.23,1009.96,974.61,997.15,694725300
711,2022-11-07,VNINDEX,989.74,996.18,969.61,975.19,534028098
712,2022-11-08,VNINDEX,960.93,981.86,956.97,981.65,542470500
713,2022-11-09,VNINDEX,983.62,994.79,977.93,985.59,466326374
714,2022-11-10,VNINDEX,974.76,976.31,935.78,947.24,637622500
715,2022-11-11,VNINDEX,954.95,966.7,949.49,954.53,646268900
716,2022-11-14,VNINDEX,939.94,945.29,923.53,941.04,599293000
717,2022-11-15,VNINDEX,926.08,929.06,900.17,911.9,682787797
718,2022-11-16,VNINDEX,876.0,945.42,873.78,942.9,934066100
719,2022-11-17,VNINDEX,952.91,972.88,950.9,969.26,589534338
720,2022-11-18,VNINDEX,967.18,971.77,939.73,969.33,839360900
721,2022-11-21,VNINDEX,971.58,973.19,956.77,960.65,522703800
722,2022-11-22,VNINDEX,953.78,985.28,948.52,952.12,978712600
723,2022-11-23,VNINDEX,947.81,958.61,942.02,946.0,488928200
724,2022-11-24,VNINDEX,941.44,950.03,934.31,947.71,435348423
725,2022-11-25,VNINDEX,956.62,971.46,955.53,971.46,554365940
726,2022-11-28,VNINDEX,979.68,1006.22,979.48,1005.69,872397100
727,2022-11-29,VNINDEX,1010.57,1032.16,998.56,1032.16,1101690200
728,2022-11-30,VNINDEX,1037.44,1048.42,1021.54,1048.42,956511200
729,2022-12-01,VNINDEX,1057.97,1066.28,1035.62,1036.28,1263319700
730,2022-12-02,VNINDEX,1032.67,1080.01,1030.81,1080.01,1014240600
731,2022-12-05,VNINDEX,1090.97,1099.45,1082.59,1093.67,1112166795
732,2022-12-06,VNINDEX,1088.9,1089.63,1048.69,1048.69,1356936200
733,2022-12-07,VNINDEX,1046.72,1059.79,1034.92,1041.02,827930300
734,2022-12-08,VNINDEX,1055.21,1078.09,1045.98,1050.53,873712400
735,2022-12-09,VNINDEX,1056.85,1061.21,1041.39,1051.81,725620299
736,2022-12-12,VNINDEX,1059.55,1065.16,1032.07,1032.07,808782100
737,2022-12-13,VNINDEX,1035.76,1047.45,1026.3,1047.45,735828900
738,2022-12-14,VNINDEX,1062.18,1062.18,1046.43,1050.43,667860400
739,2022-12-15,VNINDEX,1049.06,1062.61,1049.06,1055.32,665769400
740,2022-12-16,VNINDEX,1048.62,1064.79,1047.16,1052.48,790237300
741,2022-12-19,VNINDEX,1053.91,1065.59,1038.4,1038.4,852554700
742,2022-12-20,VNINDEX,1035.82,1038.74,1010.08,1023.13,954038800
743,2022-12-21,VNINDEX,1033.34,1033.84,1005.43,1018.88,703570400
744,2022-12-22,VNINDEX,1026.49,1033.18,1016.54,1022.61,531712600
745,2022-12-23,VNINDEX,1023.69,1027.34,1013.2,1020.34,423823400
746,2022-12-26,VNINDEX,1019.66,1021.89,985.21,985.21,623487296
747,2022-12-27,VNINDEX,986.07,1007.88,983.67,1004.57,507289700
748,2022-12-28,VNINDEX,1008.41,1020.52,998.97,1015.66,392271900
749,2022-12-29,VNINDEX,1016.06,1021.96,1009.29,1009.29,371300498
750,2022-12-30,VNINDEX,1017.45,1017.99,1007.09,1007.09,344378600
751,2023-01-03,VNINDEX,1011.39,1043.9,1011.38,1043.9,518145310
752,2023-01-04,VNINDEX,1048.31,1052.6,1041.56,1046.35,566957000
753,2023-01-05,VNINDEX,1048.17,1058.14,1046.64,1055.82,496500700
754,2023-01-06,VNINDEX,1055.51,1065.58,1047.26,1051.44,614549000
755,2023-01-09,VNINDEX,1058.28,1062.12,1050.95,1054.21,386345500
756,2023-01-10,VNINDEX,1054.87,1057.44,1045.75,1053.35,423409835
757,2023-01-11,VNINDEX,1058.77,1065.69,1054.53,1055.76,508219700
758,2023-01-12,VNINDEX,1058.52,1060.97,1050.27,1056.39,384586029
759,2023-01-13,VNINDEX,1060.89,1066.39,1055.23,1060.17,670231695
760,2023-01-16,VNINDEX,1062.19,1067.74,1057.87,1066.68,408111100
761,2023-01-17,VNINDEX,1071.37,1088.29,1069.86,1088.29,592759400
762,2023-01-18,VNINDEX,1092.5,1100.39,1089.56,1098.28,553782600
763,2023-01-19,VNINDEX,1095.55,1111.72,1094.46,1108.08,578271400
764,2023-01-27,VNINDEX,1114.15,1124.3,1111.41,1117.1,571615000
765,2023-01-30,VNINDEX,1117.7,1118.46,1102.57,1102.57,751484500
766,2023-01-31,VNINDEX,1100.74,1111.18,1088.25,1111.18,653586100
767,2023-02-01,VNINDEX,1114.66,1116.96,1075.97,1075.97,974095334
768,2023-02-02,VNINDEX,1079.23,1083.36,1070.81,1077.59,592697450
769,2023-02-03,VNINDEX,1078.79,1081.89,1070.46,1077.15,506090100
770,2023-02-06,VNINDEX,1073.44,1089.29,1067.24,1089.29,415388100
771,2023-02-07,VNINDEX,1088.07,1092.12,1065.18,1065.84,594950572
772,2023-02-08,VNINDEX,1067.58,1079.51,1063.5,1072.22,480268400
773,2023-02-09,VNINDEX,1070.3,1075.2,1064.03,1064.03,383279200
774,2023-02-10,VNINDEX,1065.84,1066.28,1054.08,1055.3,405865100
775,2023-02-13,VNINDEX,1050.92,1054.05,1031.7,1043.7,603924900
776,2023-02-14,VNINDEX,1045.38,1046.64,1032.76,1038.64,338516800
777,2023-02-15,VNINDEX,1037.17,1051.89,1034.39,1048.2,494079200
778,2023-02-16,VNINDEX,1051.16,1058.29,1047.45,1058.29,410294000
779,2023-02-17,VNINDEX,1058.97,1062.25,1053.26,1059.31,429221700
780,2023-02-20,VNINDEX,1059.56,1088.01,1059.56,1086.69,632371800
781,2023-02-21,VNINDEX,1090.35,1095.1,1081.8,1082.23,654984700
782,2023-02-22,VNINDEX,1073.62,1073.93,1054.28,1054.28,766700800
783,2023-02-23,VNINDEX,1053.95,1054.48,1030.58,1053.66,635726600
784,2023-02-24,VNINDEX,1051.55,1052.49,1034.66,1039.56,397316790
785,2023-02-27,VNINDEX,1030.1,1031.59,1017.55,1021.25,513919000
786,2023-02-28,VNINDEX,1027.79,1034.36,1018.72,1024.68,361724100
787,2023-03-01,VNINDEX,1018.12,1040.55,1013.37,1040.55,468710710
788,2023-03-02,VNINDEX,1039.05,1043.8,1033.07,1037.61,323460600
789,2023-03-03,VNINDEX,1037.38,1041.82,1022.78,1024.77,384762000
790,2023-03-06,VNINDEX,1032.42,1042.43,1026.73,1027.18,390065700
791,2023-03-07,VNINDEX,1033.96,1043.92,1033.32,1037.84,424641600
792,2023-03-08,VNINDEX,1028.77,1049.18,1027.8,1049.18,480632600
793,2023-03-09,VNINDEX,1050.64,1060.56,1049.45,1055.95,557648200
794,2023-03-10,VNINDEX,1050.55,1053.86,1046.31,1053.0,456782100
795,2023-03-13,VNINDEX,1047.01,1055.58,1045.46,1052.8,524575300
796,2023-03-14,VNINDEX,1049.3,1051.56,1034.72,1040.13,559130000
797,2023-03-15,VNINDEX,1052.06,1062.55,1049.26,1062.19,549186800
798,2023-03-16,VNINDEX,1056.18,1058.73,1043.65,1047.4,464145188
799,2023-03-17,VNINDEX,1053.37,1055.42,1043.54,1045.14,492329800
800,2023-03-20,VNINDEX,1041.99,1042.6,1022.71,1023.1,476089300
801,2023-03-21,VNINDEX,1028.81,1036.15,1017.05,1032.43,381502000
802,2023-03-22,VNINDEX,1035.84,1042.84,1033.73,1040.54,382708900
803,2023-03-23,VNINDEX,1035.33,1045.1,1030.93,1045.1,369605000
804,2023-03-24,VNINDEX,1047.11,1052.29,1044.02,1046.79,506946000
805,2023-03-27,VNINDEX,1047.89,1053.78,1041.99,1052.25,510473100
806,2023-03-28,VNINDEX,1055.12,1059.83,1051.75,1054.29,583110300
807,2023-03-29,VNINDEX,1055.18,1056.33,1048.26,1056.33,415123604
808,2023-03-30,VNINDEX,1061.32,1066.23,1058.89,1059.44,555220667
809,2023-03-31,VNINDEX,1059.79,1067.55,1059.79,1064.64,574243800
810,2023-04-03,VNINDEX,1074.2,1079.28,1071.62,1079.28,778917800
811,2023-04-04,VNINDEX,1081.02,1082.21,1075.1,1078.45,746158000
812,2023-04-05,VNINDEX,1079.06,1080.86,1074.1,1080.86,706897680
813,2023-04-06,VNINDEX,1083.27,1084.52,1070.91,1070.91,955334562
814,2023-04-07,VNINDEX,1071.09,1072.94,1063.7,1069.71,600601088
815,2023-04-10,VNINDEX,1073.9,1075.54,1063.45,1065.35,789212128
816,2023-04-11,VNINDEX,1063.67,1070.56,1056.9,1069.46,642643084
817,2023-04-12,VNINDEX,1071.66,1072.7,1066.43,1069.45,660871916
818,2023-04-13,VNINDEX,1070.87,1070.88,1062.26,1064.3,595747688
819,2023-04-14,VNINDEX,1067.18,1068.79,1052.89,1052.89,724480200
820,2023-04-17,VNINDEX,1053.15,1054.72,1049.11,1053.81,406565600
821,2023-04-18,VNINDEX,1055.85,1057.15,1050.89,1055.02,494431200
822,2023-04-19,VNINDEX,1057.88,1058.14,1047.47,1048.98,496274699
823,2023-04-20,VNINDEX,1050.02,1051.86,1045.85,1049.25,332580000
824,2023-04-21,VNINDEX,1050.05,1050.4,1041.26,1042.91,512429096
825,2023-04-24,VNINDEX,1045.31,1047.18,1038.36,1041.36,452587200
826,2023-04-25,VNINDEX,1045.79,1045.79,1032.49,1034.85,488994205
827,2023-04-26,VNINDEX,1034.02,1040.8,1029.19,1040.8,431573300
828,2023-04-27,VNINDEX,1041.03,1044.25,1037.62,1039.63,466451198
829,2023-04-28,VNINDEX,1043.18,1049.12,1042.04,1049.12,574314687
830,2023-05-04,VNINDEX,1046.0,1048.16,1038.18,1040.61,571589992
831,2023-05-05,VNINDEX,1040.22,1043.22,1036.69,1040.31,439888399
832,2023-05-08,VNINDEX,1040.31,1053.44,1040.31,1053.44,596496596
833,2023-05-09,VNINDEX,1055.42,1058.71,1052.68,1053.77,502515296
834,2023-05-10,VNINDEX,1055.62,1058.67,1053.34,1058.26,651010589
835,2023-05-11,VNINDEX,1060.75,1063.69,1056.72,1057.12,681482895
836,2023-05-12,VNINDEX,1057.7,1066.9,1053.97,1066.9,688543798
837,2023-05-15,VNINDEX,1075.08,1076.32,1065.71,1065.71,783742292
838,2023-05-16,VNINDEX,1068.54,1069.27,1063.65,1065.91,592131699
839,2023-05-17,VNINDEX,1066.46,1069.95,1060.44,1060.44,762187700
840,2023-05-18,VNINDEX,1063.72,1073.41,1060.94,1068.31,590882500
841,2023-05-19,VNINDEX,1069.62,1070.15,1058.56,1067.07,661637199
842,2023-05-22,VNINDEX,1067.32,1070.64,1065.88,1070.64,634633394
843,2023-05-23,VNINDEX,1073.2,1073.96,1062.15,1065.85,669791099
844,2023-05-24,VNINDEX,1069.11,1069.61,1060.6,1061.79,684806396
845,2023-05-25,VNINDEX,1061.95,1065.5,1057.91,1064.63,615385098
846,2023-05-26,VNINDEX,1067.11,1067.28,1063.76,1063.76,596411399
847,2023-05-29,VNINDEX,1067.27,1077.18,1067.27,1074.98,738474496
848,2023-05-30,VNINDEX,1078.82,1079.31,1071.01,1078.05,816002498
849,2023-05-31,VNINDEX,1078.39,1079.11,1071.38,1075.17,861773099
850,2023-06-01,VNINDEX,1076.27,1078.39,1071.61,1078.39,820373400
851,2023-06-02,VNINDEX,1084.19,1092.24,1083.36,1090.84,973372400
852,2023-06-05,VNINDEX,1100.2,1103.81,1096.76,1097.82,893972894
853,2023-06-06,VNINDEX,1099.99,1108.31,1098.28,1108.31,782674898
854,2023-06-07,VNINDEX,1111.67,1112.28,1104.26,1109.54,930395400
855,2023-06-08,VNINDEX,1111.86,1115.14,1101.32,1101.32,1211637498
856,2023-06-09,VNINDEX,1103.11,1107.53,1097.23,1107.53,839731399
857,2023-06-12,VNINDEX,1110.26,1116.02,1100.08,1116.02,726269396
858,2023-06-13,VNINDEX,1117.43,1122.46,1116.1,1122.46,870411556
859,2023-06-14,VNINDEX,1124.56,1129.49,1117.42,1117.42,845985495
860,2023-06-15,VNINDEX,1117.06,1120.13,1112.11,1116.97,675615198
861,2023-06-16,VNINDEX,1121.92,1128.92,1112.51,1115.22,1075388694
862,2023-06-19,VNINDEX,1115.68,1117.23,1104.73,1105.4,723615794
863,2023-06-20,VNINDEX,1105.75,1111.72,1102.58,1111.72,593189197
864,2023-06-21,VNINDEX,1112.73,1118.46,1110.65,1118.46,800886000
865,2023-06-22,VNINDEX,1126.23,1127.54,1122.27,1125.3,829019298
866,2023-06-23,VNINDEX,1126.23,1130.61,1122.62,1129.38,857067499
867,2023-06-26,VNINDEX,1130.08,1134.0,1119.95,1132.03,955146794
868,2023-06-27,VNINDEX,1134.55,1136.49,1128.82,1134.33,645603695
869,2023-06-28,VNINDEX,1137.18,1140.56,1131.86,1138.35,773617647
870,2023-06-29,VNINDEX,1139.31,1140.43,1125.39,1125.39,839195975
871,2023-06-30,VNINDEX,1124.3,1126.33,1120.01,1120.18,545250297
872,2023-07-03,VNINDEX,1125.55,1128.35,1121.17,1125.5,503824145
873,2023-07-04,VNINDEX,1127.11,1132.12,1123.49,1132.0,638817697
874,2023-07-05,VNINDEX,1136.55,1138.67,1133.45,1134.62,745152500
875,2023-07-06,VNINDEX,1133.7,1135.81,1122.35,1126.22,873408599
876,2023-07-07,VNINDEX,1125.07,1138.07,1122.94,1138.07,713838698
877,2023-07-10,VNINDEX,1142.61,1149.02,1140.03,1149.02,814696484
878,2023-07-11,VNINDEX,1151.13,1157.01,1149.69,1151.77,851937696
879,2023-07-12,VNINDEX,1154.37,1157.43,1149.28,1154.2,696596095
880,2023-07-13,VNINDEX,1159.88,1165.42,1158.15,1165.42,760650797
881,2023-07-14,VNINDEX,1169.2,1169.84,1156.28,1168.4,973944099
882,2023-07-17,VNINDEX,1171.75,1174.89,1168.77,1173.13,852601583
883,2023-07-18,VNINDEX,1173.23,1175.7,1170.04,1174.09,760019590
884,2023-07-19,VNINDEX,1177.5,1178.55,1172.98,1172.98,799774192
885,2023-07-20,VNINDEX,1171.83,1174.39,1166.62,1172.81,740459807
886,2023-07-21,VNINDEX,1173.18,1185.9,1172.07,1185.9,899615350
887,2023-07-24,VNINDEX,1190.74,1193.22,1183.39,1190.72,988829242
888,2023-07-25,VNINDEX,1194.63,1199.27,1193.34,1195.9,919195101
889,2023-07-26,VNINDEX,1195.5,1200.84,1195.44,1200.84,849081405
890,2023-07-27,VNINDEX,1201.69,1203.69,1191.08,1197.33,1079101085
891,2023-07-28,VNINDEX,1197.32,1207.67,1195.86,1207.67,1048693889
892,2023-07-31,VNINDEX,1219.66,1224.81,1212.81,1222.9,1124068439
893,2023-08-01,VNINDEX,1230.19,1234.5,1217.56,1217.56,1207954174
894,2023-08-02,VNINDEX,1217.17,1223.04,1213.18,1220.43,850082857
895,2023-08-03,VNINDEX,1219.73,1222.35,1209.06,1210.95,979172024
896,2023-08-04,VNINDEX,1216.27,1228.12,1214.17,1225.98,1087043095
897,2023-08-07,VNINDEX,1233.1,1241.42,1230.38,1241.42,1115170606
898,2023-08-08,VNINDEX,1244.35,1246.22,1239.01,1242.23,1116419091
899,2023-08-09,VNINDEX,1240.68,1241.96,1231.28,1233.99,1012519359
900,2023-08-10,VNINDEX,1236.31,1238.19,1220.61,1220.61,983439649
901,2023-08-11,VNINDEX,1228.92,1232.21,1213.37,1232.21,984833473
902,2023-08-14,VNINDEX,1237.14,1239.61,1229.04,1236.84,1035132343
903,2023-08-15,VNINDEX,1239.42,1239.42,1230.58,1234.05,850711943
904,2023-08-16,VNINDEX,1239.95,1243.48,1235.27,1243.26,867014966
905,2023-08-17,VNINDEX,1242.58,1243.98,1233.48,1233.48,1050179969
906,2023-08-18,VNINDEX,1227.02,1228.98,1177.74,1177.99,1647301285
907,2023-08-21,VNINDEX,1177.01,1188.16,1164.63,1179.76,1004947430
908,2023-08-22,VNINDEX,1183.92,1184.43,1149.13,1180.49,989598015
909,2023-08-23,VNINDEX,1192.96,1193.79,1168.89,1172.56,653729364
910,2023-08-24,VNINDEX,1175.2,1189.99,1171.33,1189.39,797298659
911,2023-08-25,VNINDEX,1188.99,1192.59,1181.6,1183.37,828435338
912,2023-08-28,VNINDEX,1189.43,1202.02,1189.43,1201.72,765267986
913,2023-08-29,VNINDEX,1204.75,1208.78,1197.57,1204.43,904317444
914,2023-08-30,VNINDEX,1206.25,1213.52,1203.51,1213.16,864553394
915,2023-08-31,VNINDEX,1216.0,1224.84,1214.39,1224.05,887221303
916,2023-09-05,VNINDEX,1231.43,1236.21,1228.7,1234.98,984096413
917,2023-09-06,VNINDEX,1237.07,1245.5,1229.89,1245.5,1067519291
918,2023-09-07,VNINDEX,1248.91,1255.11,1240.82,1243.14,1100446450
919,2023-09-08,VNINDEX,1242.28,1248.1,1240.15,1241.48,973717974
920,2023-09-11,VNINDEX,1250.48,1251.37,1223.33,1223.63,1310639802
921,2023-09-12,VNINDEX,1227.16,1245.44,1220.85,1245.44,881050603
922,2023-09-13,VNINDEX,1248.94,1250.61,1232.84,1238.39,1191621722
923,2023-09-14,VNINDEX,1238.19,1244.21,1223.03,1223.81,1162322737
924,2023-09-15,VNINDEX,1228.87,1233.87,1220.27,1227.36,868566530
925,2023-09-18,VNINDEX,1225.6,1226.56,1203.88,1211.81,762126882
926,2023-09-19,VNINDEX,1215.96,1219.57,1199.85,1211.5,894414350
927,2023-09-20,VNINDEX,1212.7,1226.11,1209.46,1226.11,763673570
928,2023-09-21,VNINDEX,1226.79,1227.88,1211.65,1212.74,923868903
929,2023-09-22,VNINDEX,1197.49,1199.13,1174.57,1193.05,1317428252
930,2023-09-25,VNINDEX,1190.58,1195.62,1153.2,1153.2,995967927
931,2023-09-26,VNINDEX,1150.94,1163.52,1137.96,1137.96,961032520
932,2023-09-27,VNINDEX,1139.76,1153.85,1126.36,1153.85,785214196
933,2023-09-28,VNINDEX,1153.74,1155.39,1136.99,1152.43,654487289
934,2023-09-29,VNINDEX,1157.76,1163.88,1152.45,1154.15,536070186
935,2023-10-02,VNINDEX,1155.07,1161.48,1149.63,1155.25,465888090
936,2023-10-03,VNINDEX,1145.85,1146.59,1117.28,1118.1,940147219
937,2023-10-04,VNINDEX,1106.61,1133.79,1106.4,1128.67,646704090
938,2023-10-05,VNINDEX,1131.35,1133.12,1113.89,1113.89,556935540
939,2023-10-06,VNINDEX,1115.23,1129.13,1107.4,1128.54,606537765
940,2023-10-09,VNINDEX,1130.25,1137.36,1127.03,1137.36,545251858
941,2023-10-10,VNINDEX,1143.6,1150.34,1141.97,1143.69,628149941
942,2023-10-11,VNINDEX,1146.2,1150.81,1138.22,1150.81,499444242
943,2023-10-12,VNINDEX,1155.12,1156.73,1148.11,1151.61,621291840
944,2023-10-13,VNINDEX,1145.03,1155.1,1138.99,1154.73,594801349
945,2023-10-16,VNINDEX,1152.69,1157.46,1140.64,1141.42,623409673
946,2023-10-17,VNINDEX,1145.34,1147.89,1121.65,1121.65,572947922
947,2023-10-18,VNINDEX,1123.73,1125.27,1088.87,1103.4,932038934
948,2023-10-19,VNINDEX,1102.93,1103.65,1087.85,1087.85,615816621
949,2023-10-20,VNINDEX,1085.83,1108.16,1073.73,1108.03,592521786
950,2023-10-23,VNINDEX,1106.56,1106.8,1086.54,1093.53,500481939
951,2023-10-24,VNINDEX,1095.42,1107.3,1088.17,1105.9,444069106
952,2023-10-25,VNINDEX,1106.41,1111.39,1100.64,1101.66,483430997
953,2023-10-26,VNINDEX,1082.8,1083.22,1049.71,1055.45,1129686333
954,2023-10-27,VNINDEX,1059.41,1061.87,1037.46,1060.62,638920128
955,2023-10-30,VNINDEX,1054.03,1060.39,1042.4,1042.4,470396938
956,2023-10-31,VNINDEX,1045.6,1046.17,1025.03,1028.19,706900261
957,2023-11-01,VNINDEX,1029.0,1039.66,1020.01,1039.66,604190197
958,2023-11-02,VNINDEX,1048.62,1075.47,1045.14,1075.47,736277498
959,2023-11-03,VNINDEX,1081.35,1082.23,1071.11,1076.78,709568793
960,2023-11-06,VNINDEX,1082.21,1089.66,1076.78,1089.66,571437300
961,2023-11-07,VNINDEX,1086.68,1089.89,1079.42,1080.29,540407498
962,2023-11-08,VNINDEX,1079.14,1113.43,1075.8,1113.43,886291296
963,2023-11-09,VNINDEX,1116.42,1124.78,1112.13,1113.89,1007657699
964,2023-11-10,VNINDEX,1105.75,1116.02,1101.23,1101.68,955002299
965,2023-11-13,VNINDEX,1103.66,1107.91,1093.19,1100.07,740255909
966,2023-11-14,VNINDEX,1109.08,1115.6,1101.67,1109.73,771510093
967,2023-11-15,VNINDEX,1124.56,1132.75,1118.74,1122.5,883431798
968,2023-11-16,VNINDEX,1119.98,1125.53,1114.97,1125.53,606149798
969,2023-11-17,VNINDEX,1128.14,1129.84,1096.16,1101.19,1178535597
970,2023-11-20,VNINDEX,1085.4,1111.26,1085.32,1103.66,751153197
971,2023-11-21,VNINDEX,1112.61,1112.77,1103.79,1110.46,601628500
972,2023-11-22,VNINDEX,1111.35,1115.47,1103.26,1113.82,812591497
973,2023-11-23,VNINDEX,1117.71,1118.54,1088.49,1088.49,952327292
974,2023-11-24,VNINDEX,1090.97,1095.61,1073.31,1095.61,900881627
975,2023-11-27,VNINDEX,1095.59,1096.84,1085.69,1088.06,507177396
976,2023-11-28,VNINDEX,1088.6,1095.43,1076.45,1095.43,593255200
977,2023-11-29,VNINDEX,1097.28,1105.28,1096.33,1102.8,562813100
978,2023-11-30,VNINDEX,1101.75,1107.45,1094.13,1094.13,659979598
979,2023-12-01,VNINDEX,1099.18,1102.2,1090.08,1102.16,569333260
980,2023-12-04,VNINDEX,1107.74,1123.96,1106.62,1120.49,1038038191
981,2023-12-05,VNINDEX,1122.28,1124.11,1113.55,1115.97,753445896
982,2023-12-06,VNINDEX,1118.06,1126.43,1116.03,1126.43,777008797
983,2023-12-07,VNINDEX,1128.67,1129.83,1109.51,1121.49,1298442633
984,2023-12-08,VNINDEX,1122.09,1127.46,1119.43,1124.44,737605026
985,2023-12-11,VNINDEX,1127.92,1129.15,1120.32,1125.5,618307398
986,2023-12-12,VNINDEX,1127.55,1129.77,1123.35,1127.63,540735135
987,2023-12-13,VNINDEX,1129.94,1131.21,1112.08,1114.2,763976999
988,2023-12-14,VNINDEX,1119.62,1120.36,1107.86,1110.13,603906899
989,2023-12-15,VNINDEX,1109.51,1112.79,1102.3,1102.3,684449897
990,2023-12-18,VNINDEX,1103.36,1103.74,1091.45,1091.88,544995667
991,2023-12-19,VNINDEX,1091.26,1096.3,1082.29,1096.3,562157577
992,2023-12-20,VNINDEX,1098.1,1102.27,1093.38,1100.76,470477400
993,2023-12-21,VNINDEX,1096.22,1102.43,1094.47,1102.43,451416808
994,2023-12-22,VNINDEX,1103.08,1104.65,1099.32,1103.06,496344599
995,2023-12-25,VNINDEX,1104.27,1118.31,1104.27,1117.66,551279599
996,2023-12-26,VNINDEX,1120.11,1123.11,1117.93,1122.25,575288899
997,2023-12-27,VNINDEX,1123.28,1126.47,1121.99,1121.99,570737700
998,2023-12-28,VNINDEX,1122.57,1130.58,1120.5,1128.93,614925999
999,2023-12-29,VNINDEX,1131.75,1135.05,1129.93,1129.93,621075896
1000,2024-01-02,VNINDEX,1136.39,1139.71,1128.69,1131.72,778092693
1001,2024-01-03,VNINDEX,1130.53,1144.17,1128.32,1144.17,657568096
1002,2024-01-04,VNINDEX,1145.49,1160.08,1144.32,1150.72,1141646899
1003,2024-01-05,VNINDEX,1152.37,1155.84,1149.08,1154.68,760268299
1004,2024-01-08,VNINDEX,1159.42,1162.56,1155.48,1160.19,814410599
1005,2024-01-09,VNINDEX,1161.71,1162.83,1155.46,1158.59,799457699
1006,2024-01-10,VNINDEX,1158.79,1166.1,1155.94,1161.54,936249400
1007,2024-01-11,VNINDEX,1162.49,1169.1,1157.43,1162.22,787237200
1008,2024-01-12,VNINDEX,1154.91,1161.91,1146.75,1154.7,1038665399
1009,2024-01-15,VNINDEX,1159.37,1163.75,1154.12,1154.12,559640596
1010,2024-01-16,VNINDEX,1150.31,1163.12,1147.71,1163.12,570974548
1011,2024-01-17,VNINDEX,1161.95,1168.46,1160.45,1162.53,694214315
1012,2024-01-18,VNINDEX,1164.32,1169.73,1162.62,1169.06,569563599
1013,2024-01-19,VNINDEX,1171.5,1181.5,1171.47,1181.5,630781700
1014,2024-01-22,VNINDEX,1186.29,1186.96,1175.54,1182.86,871962100
1015,2024-01-23,VNINDEX,1183.96,1184.74,1173.78,1177.5,673842214
1016,2024-01-24,VNINDEX,1175.58,1180.3,1172.0,1172.97,720500188
1017,2024-01-25,VNINDEX,1173.58,1173.83,1168.5,1170.37,538172159
1018,2024-01-26,VNINDEX,1173.43,1176.76,1173.43,1175.67,561824219
1019,2024-01-29,VNINDEX,1177.23,1180.46,1174.88,1175.69,552811296
1020,2024-01-30,VNINDEX,1176.02,1179.92,1174.13,1179.65,564656361
1021,2024-01-31,VNINDEX,1181.62,1182.53,1163.13,1164.31,1023847799
1022,2024-02-01,VNINDEX,1162.78,1174.5,1162.45,1173.02,578639354
1023,2024-02-02,VNINDEX,1173.93,1178.27,1169.7,1172.55,790605931
1024,2024-02-05,VNINDEX,1174.22,1188.45,1173.54,1186.06,769980098
1025,2024-02-06,VNINDEX,1189.08,1190.92,1185.68,1188.48,566198900
1026,2024-02-07,VNINDEX,1190.51,1199.52,1190.5,1198.53,664714299
1027,2024-02-15,VNINDEX,1203.08,1207.56,1198.81,1202.5,843733099
1028,2024-02-16,VNINDEX,1204.9,1210.25,1204.29,1209.7,783875499
1029,2024-02-19,VNINDEX,1213.24,1225.48,1212.58,1224.97,975154797
1030,2024-02-20,VNINDEX,1227.75,1230.47,1222.66,1230.06,843737899
1031,2024-02-21,VNINDEX,1231.78,1234.22,1222.92,1230.04,886283799
1032,2024-02-22,VNINDEX,1229.85,1232.09,1226.15,1227.31,795921654
1033,2024-02-23,VNINDEX,1230.3,1240.81,1211.55,1212.0,1327429358
1034,2024-02-26,VNINDEX,1212.93,1225.21,1210.52,1224.17,834749896
1035,2024-02-27,VNINDEX,1228.93,1237.6,1226.49,1237.46,916784879
1036,2024-02-28,VNINDEX,1241.77,1254.55,1236.32,1254.55,899521191
1037,2024-02-29,VNINDEX,1259.59,1264.39,1247.7,1252.73,1012951595
1038,2024-03-01,VNINDEX,1256.72,1258.76,1247.87,1258.28,891207771
1039,2024-03-04,VNINDEX,1264.07,1268.25,1256.54,1261.41,1060758964
1040,2024-03-05,VNINDEX,1262.89,1269.98,1257.81,1269.98,927988078
1041,2024-03-06,VNINDEX,1269.8,1277.51,1256.3,1262.73,1042550953
1042,2024-03-07,VNINDEX,1263.23,1269.88,1260.24,1268.46,948313679
1043,2024-03-08,VNINDEX,1272.62,1274.3,1247.35,1247.35,1308498300
1044,2024-03-11,VNINDEX,1248.32,1254.01,1233.49,1235.49,922753297
1045,2024-03-12,VNINDEX,1235.4,1248.33,1233.14,1245.0,792213293
1046,2024-03-13,VNINDEX,1250.2,1270.51,1247.64,1270.51,890291796
1047,2024-03-14,VNINDEX,1276.0,1276.41,1258.67,1264.26,1021280996
1048,2024-03-15,VNINDEX,1263.76,1271.63,1252.36,1263.78,1008834596
1049,2024-03-18,VNINDEX,1266.11,1269.9,1221.67,1243.56,1616423591
1050,2024-03-19,VNINDEX,1246.54,1249.75,1238.92,1242.46,782529595
1051,2024-03-20,VNINDEX,1243.79,1261.55,1235.46,1260.08,859094599
1052,2024-03-21,VNINDEX,1269.96,1276.42,1264.2,1276.42,1135242297
1053,2024-03-22,VNINDEX,1281.56,1291.27,1276.38,1281.8,1180760297
1054,2024-03-25,VNINDEX,1278.86,1286.84,1264.51,1267.86,1165944799
1055,2024-03-26,VNINDEX,1267.95,1282.5,1264.42,1282.21,858410797
1056,2024-03-27,VNINDEX,1286.34,1286.72,1276.95,1283.09,803249597
1057,2024-03-28,VNINDEX,1293.03,1293.9,1285.52,1290.18,888387914
1058,2024-03-29,VNINDEX,1292.7,1292.75,1282.44,1284.09,796634597
1059,2024-04-01,VNINDEX,1282.84,1286.8,1274.09,1281.52,899388445
1060,2024-04-02,VNINDEX,1276.38,1287.04,1268.48,1287.04,1031022100
1061,2024-04-03,VNINDEX,1285.3,1288.99,1271.47,1271.47,995889194
1062,2024-04-04,VNINDEX,1271.87,1277.62,1265.12,1268.25,921606498
1063,2024-04-05,VNINDEX,1258.58,1265.14,1253.56,1255.11,1040744955
1064,2024-04-08,VNINDEX,1255.37,1258.4,1246.87,1250.35,790344900
1065,2024-04-09,VNINDEX,1252.4,1262.82,1247.7,1262.82,648177200
1066,2024-04-10,VNINDEX,1266.48,1268.72,1258.56,1258.56,633149400
1067,2024-04-11,VNINDEX,1249.88,1262.03,1248.11,1258.2,642868552
1068,2024-04-12,VNINDEX,1262.96,1278.39,1259.5,1276.6,696705294
1069,2024-04-15,VNINDEX,1274.02,1281.81,1216.61,1216.61,1317882799
1070,2024-04-16,VNINDEX,1218.64,1222.45,1191.73,1215.68,1214696265
1071,2024-04-17,VNINDEX,1221.47,1221.47,1193.01,1193.01,766171793
1072,2024-04-19,VNINDEX,1180.87,1190.96,1165.99,1174.85,1024739012
1073,2024-04-22,VNINDEX,1186.66,1193.88,1181.13,1190.22,616214281
1074,2024-04-23,VNINDEX,1190.56,1192.8,1169.61,1177.4,672944408
1075,2024-04-24,VNINDEX,1186.47,1207.61,1185.13,1205.61,691468850
1076,2024-04-25,VNINDEX,1206.25,1208.41,1200.21,1204.97,489117744
1077,2024-04-26,VNINDEX,1199.83,1216.6,1198.73,1209.52,574398922
1078,2024-05-02,VNINDEX,1212.13,1216.36,1206.28,1216.36,514112523
1079,2024-05-03,VNINDEX,1222.54,1225.75,1218.33,1221.03,624128817
1080,2024-05-06,VNINDEX,1226.89,1241.58,1224.22,1241.58,850534630
1081,2024-05-07,VNINDEX,1245.5,1250.63,1240.09,1248.63,705355094
1082,2024-05-08,VNINDEX,1243.32,1251.62,1234.76,1250.46,820182331
1083,2024-05-09,VNINDEX,1252.81,1256.8,1243.29,1248.64,641634639
1084,2024-05-10,VNINDEX,1251.78,1252.5,1237.46,1244.7,668302103
1085,2024-05-13,VNINDEX,1248.19,1249.2,1233.56,1240.18,637079540
1086,2024-05-14,VNINDEX,1246.23,1252.52,1240.88,1243.28,529128121
1087,2024-05-15,VNINDEX,1248.61,1257.92,1248.02,1254.39,759307900
1088,2024-05-16,VNINDEX,1264.51,1271.66,1261.19,1268.78,808757789
1089,2024-05-20,VNINDEX,1281.5,1285.19,1277.36,1277.58,957731071
1090,2024-05-21,VNINDEX,1277.85,1281.29,1267.29,1277.14,838130935
1091,2024-05-22,VNINDEX,1280.26,1283.06,1263.87,1266.91,987225260
1092,2024-05-23,VNINDEX,1265.6,1281.03,1262.29,1281.03,833706141
1093,2024-05-24,VNINDEX,1276.68,1285.07,1250.28,1261.93,1244899730
1094,2024-05-27,VNINDEX,1263.46,1267.68,1257.27,1267.68,598633585
1095,2024-05-28,VNINDEX,1272.23,1281.73,1269.37,1281.73,744093359
1096,2024-05-29,VNINDEX,1284.74,1285.63,1271.6,1272.64,967107344
1097,2024-05-30,VNINDEX,1264.45,1269.07,1251.8,1266.32,958527286
1098,2024-05-31,VNINDEX,1268.37,1271.07,1261.43,1261.72,617744480
1099,2024-06-03,VNINDEX,1271.65,1284.48,1271.65,1280.0,930986500
1100,2024-06-04,VNINDEX,1285.51,1289.31,1281.98,1283.52,785852881
1101,2024-06-05,VNINDEX,1287.12,1293.93,1284.35,1284.35,810151817
1102,2024-06-06,VNINDEX,1288.53,1292.02,1278.4,1283.56,798030139
1103,2024-06-07,VNINDEX,1289.05,1293.03,1283.13,1287.58,604714800
1104,2024-06-10,VNINDEX,1292.67,1297.39,1287.44,1290.67,778969124
1105,2024-06-11,VNINDEX,1295.03,1296.41,1279.47,1284.41,859350069
1106,2024-06-12,VNINDEX,1285.01,1301.35,1281.71,1300.19,771489483
1107,2024-06-13,VNINDEX,1305.69,1306.01,1297.6,1301.51,829277993
1108,2024-06-14,VNINDEX,1303.24,1305.02,1279.91,1279.91,1009516769
1109,2024-06-17,VNINDEX,1282.08,1283.1,1272.54,1274.77,780427600
1110,2024-06-18,VNINDEX,1279.39,1286.52,1278.38,1279.5,633200730
1111,2024-06-19,VNINDEX,1283.0,1284.14,1270.66,1279.79,767937021
1112,2024-06-20,VNINDEX,1280.98,1286.54,1273.54,1282.3,818093366
1113,2024-06-21,VNINDEX,1285.07,1288.06,1279.44,1282.02,702730366
1114,2024-06-24,VNINDEX,1281.07,1284.84,1252.66,1254.12,1098139948
1115,2024-06-25,VNINDEX,1255.77,1260.07,1250.25,1256.56,548064547
1116,2024-06-26,VNINDEX,1258.95,1262.67,1247.55,1261.24,589076995
1117,2024-06-27,VNINDEX,1260.71,1262.49,1255.12,1259.09,469971852
1118,2024-06-28,VNINDEX,1260.27,1262.61,1240.15,1245.32,671571132
1119,2024-07-01,VNINDEX,1246.33,1254.56,1240.07,1254.56,432926586
1120,2024-07-02,VNINDEX,1258.87,1270.47,1257.93,1269.79,470398369
1121,2024-07-03,VNINDEX,1273.26,1278.14,1268.23,1276.85,501940903
1122,2024-07-04,VNINDEX,1278.87,1283.13,1274.58,1279.89,475715974
1123,2024-07-05,VNINDEX,1281.21,1284.98,1276.93,1283.04,589214874
1124,2024-07-08,VNINDEX,1285.34,1287.14,1277.68,1283.56,766898184
1125,2024-07-09,VNINDEX,1286.33,1294.15,1283.62,1293.71,757405945
1126,2024-07-10,VNINDEX,1295.57,1297.96,1285.94,1285.94,677540818
1127,2024-07-11,VNINDEX,1291.14,1293.32,1283.8,1283.8,636329860
1128,2024-07-12,VNINDEX,1284.79,1288.67,1277.16,1280.75,546826260
1129,2024-07-15,VNINDEX,1284.14,1286.37,1276.27,1279.82,474355391
1130,2024-07-16,VNINDEX,1282.83,1291.47,1279.37,1281.18,637193906
1131,2024-07-17,VNINDEX,1286.07,1290.76,1256.42,1268.66,1174012593
1132,2024-07-18,VNINDEX,1270.95,1274.67,1256.21,1274.44,652387299
1133,2024-07-19,VNINDEX,1275.28,1279.94,1260.68,1264.78,724064305
1134,2024-07-22,VNINDEX,1261.42,1267.43,1245.02,1254.64,834239155
1135,2024-07-23,VNINDEX,1256.72,1258.74,1231.81,1231.81,662854184
1136,2024-07-24,VNINDEX,1225.5,1242.4,1218.65,1238.47,658298854
1137,2024-07-25,VNINDEX,1233.08,1235.67,1226.2,1233.19,421018935
1138,2024-07-26,VNINDEX,1235.21,1242.11,1234.05,1242.11,417284760
1139,2024-07-29,VNINDEX,1247.71,1249.68,1243.08,1246.6,464635925
1140,2024-07-30,VNINDEX,1247.23,1248.73,1236.97,1245.06,602295248
1141,2024-07-31,VNINDEX,1247.45,1255.77,1246.3,1251.51,685424883
1142,2024-08-01,VNINDEX,1254.59,1257.85,1222.51,1226.96,852236557
1143,2024-08-02,VNINDEX,1215.67,1236.6,1209.77,1236.6,657668495
1144,2024-08-05,VNINDEX,1219.23,1220.99,1184.53,1188.07,942539362
1145,2024-08-06,VNINDEX,1197.52,1213.35,1186.74,1210.28,612786967
1146,2024-08-07,VNINDEX,1216.96,1217.79,1205.11,1215.88,510053227
1147,2024-08-08,VNINDEX,1212.09,1219.97,1202.58,1208.32,639430907
1148,2024-08-09,VNINDEX,1215.3,1225.02,1212.4,1223.64,544376076
1149,2024-08-12,VNINDEX,1225.95,1231.46,1221.16,1230.28,494561906
1150,2024-08-13,VNINDEX,1229.81,1231.55,1223.01,1230.42,488342076
1151,2024-08-14,VNINDEX,1233.7,1236.51,1228.93,1230.36,443199063
1152,2024-08-15,VNINDEX,1230.58,1231.69,1222.28,1223.56,432238084
1153,2024-08-16,VNINDEX,1228.27,1253.24,1227.94,1252.23,917105181
1154,2024-08-19,VNINDEX,1258.48,1263.84,1256.45,1261.62,609838096
1155,2024-08-20,VNINDEX,1263.65,1275.95,1263.65,1272.55,772109946
1156,2024-08-21,VNINDEX,1272.34,1284.05,1268.91,1284.05,715820941
1157,2024-08-22,VNINDEX,1287.34,1288.42,1280.42,1282.78,612261817
1158,2024-08-23,VNINDEX,1283.22,1287.43,1276.43,1285.32,635652586
1159,2024-08-26,VNINDEX,1289.65,1290.45,1278.72,1280.02,691695175
1160,2024-08-27,VNINDEX,1279.55,1282.92,1274.7,1280.56,589958790
1161,2024-08-28,VNINDEX,1283.41,1285.72,1276.9,1281.44,658163171
1162,2024-08-29,VNINDEX,1281.15,1288.2,1280.24,1281.47,580472955
1163,2024-08-30,VNINDEX,1283.61,1286.84,1282.58,1283.87,510780520
1164,2024-09-04,VNINDEX,1271.39,1277.27,1268.43,1275.8,588157743
1165,2024-09-05,VNINDEX,1276.35,1282.21,1266.05,1268.21,594426347
1166,2024-09-06,VNINDEX,1268.26,1274.44,1262.94,1273.96,514936954
1167,2024-09-09,VNINDEX,1269.83,1269.92,1262.97,1267.73,433845957
1168,2024-09-10,VNINDEX,1269.83,1271.83,1252.22,1255.23,601503586
1169,2024-09-11,VNINDEX,1254.25,1256.86,1244.79,1253.27,517736132
1170,2024-09-12,VNINDEX,1258.42,1260.93,1255.87,1256.35,381112469
1171,2024-09-13,VNINDEX,1253.48,1254.24,1248.78,1251.71,383058286
1172,2024-09-16,VNINDEX,1251.08,1255.42,1239.26,1239.26,453594647
1173,2024-09-17,VNINDEX,1240.0,1258.95,1238.69,1258.95,460744690
1174,2024-09-18,VNINDEX,1261.23,1271.77,1257.93,1264.9,598374612
1175,2024-09-19,VNINDEX,1268.08,1271.27,1264.82,1271.27,477857099
1176,2024-09-20,VNINDEX,1277.73,1283.3,1272.04,1272.04,840427365
1177,2024-09-23,VNINDEX,1275.15,1276.99,1267.87,1268.48,455722792
1178,2024-09-24,VNINDEX,1268.25,1276.99,1266.68,1276.99,493764676
1179,2024-09-25,VNINDEX,1282.48,1288.44,1280.47,1287.48,904057882
1180,2024-09-26,VNINDEX,1290.03,1298.71,1289.15,1291.49,889834232
1181,2024-09-27,VNINDEX,1295.03,1300.31,1287.21,1290.92,874903594
1182,2024-09-30,VNINDEX,1290.17,1292.03,1283.92,1287.94,693266986
1183,2024-10-01,VNINDEX,1290.68,1302.22,1290.68,1292.2,922799879
1184,2024-10-02,VNINDEX,1289.65,1293.69,1285.14,1287.84,677770682
1185,2024-10-03,VNINDEX,1288.45,1299.36,1276.51,1278.1,1009745574
1186,2024-10-04,VNINDEX,1278.9,1279.33,1270.6,1270.6,568802884
1187,2024-10-07,VNINDEX,1275.59,1278.61,1264.65,1269.93,497177577
1188,2024-10-08,VNINDEX,1271.98,1275.82,1266.94,1271.98,650356225
1189,2024-10-09,VNINDEX,1273.96,1283.01,1273.04,1281.85,643343758
1190,2024-10-10,VNINDEX,1289.61,1294.33,1284.97,1286.36,665299882
1191,2024-10-11,VNINDEX,1287.66,1289.37,1283.56,1288.39,479872804
1192,2024-10-14,VNINDEX,1296.54,1297.67,1286.13,1286.34,670466089
1193,2024-10-15,VNINDEX,1287.81,1294.05,1279.81,1281.08,675124538
1194,2024-10-16,VNINDEX,1279.86,1283.33,1276.4,1279.48,482243077
1195,2024-10-17,VNINDEX,1282.65,1286.52,1271.82,1286.52,617838632
1196,2024-10-18,VNINDEX,1291.16,1294.1,1285.46,1285.46,607856932
1197,2024-10-21,VNINDEX,1284.17,1287.71,1279.77,1279.77,580256611
1198,2024-10-22,VNINDEX,1280.21,1280.21,1265.44,1269.89,728502963
1199,2024-10-23,VNINDEX,1270.58,1273.21,1263.26,1270.9,535847404
1200,2024-10-24,VNINDEX,1271.17,1274.11,1257.41,1257.41,592565307
1201,2024-10-25,VNINDEX,1260.94,1261.72,1251.75,1252.72,525129703
1202,2024-10-28,VNINDEX,1252.76,1255.18,1250.94,1254.77,400508458
1203,2024-10-29,VNINDEX,1258.03,1262.38,1257.43,1261.78,490665420
1204,2024-10-30,VNINDEX,1263.57,1264.84,1255.07,1258.63,475263319
1205,2024-10-31,VNINDEX,1260.23,1267.88,1255.55,1264.48,469049009
1206,2024-11-01,VNINDEX,1262.39,1264.67,1254.33,1254.89,537480675
1207,2024-11-04,VNINDEX,1255.92,1256.96,1242.36,1244.71,589307714
1208,2024-11-05,VNINDEX,1244.85,1248.97,1243.55,1245.76,332607121
1209,2024-11-06,VNINDEX,1251.22,1262.44,1250.57,1261.28,502638895
1210,2024-11-07,VNINDEX,1266.61,1267.09,1259.75,1259.75,470366654
1211,2024-11-08,VNINDEX,1262.84,1264.09,1250.77,1252.56,503244952
1212,2024-11-11,VNINDEX,1253.81,1253.87,1241.29,1250.32,712083666
1213,2024-11-12,VNINDEX,1251.79,1257.02,1242.91,1244.82,516346103
1214,2024-11-13,VNINDEX,1242.94,1247.04,1234.62,1246.04,587203568
1215,2024-11-14,VNINDEX,1243.85,1247.07,1231.69,1231.89,555483270
1216,2024-11-15,VNINDEX,1229.36,1229.59,1217.03,1218.57,668031264
1217,2024-11-18,VNINDEX,1218.3,1225.38,1204.6,1217.12,555960091
1218,2024-11-19,VNINDEX,1220.68,1221.4,1205.15,1205.15,437479185
1219,2024-11-20,VNINDEX,1203.71,1222.73,1197.99,1216.54,649274185
1220,2024-11-21,VNINDEX,1217.3,1228.55,1214.06,1228.33,427350380
1221,2024-11-22,VNINDEX,1228.95,1233.42,1226.33,1228.1,453742385
1222,2024-11-25,VNINDEX,1229.39,1236.57,1229.02,1234.7,409112104
1223,2024-11-26,VNINDEX,1235.63,1246.83,1235.22,1242.13,503889875
1224,2024-11-27,VNINDEX,1241.36,1245.34,1239.23,1241.97,366063077
1225,2024-11-28,VNINDEX,1246.37,1250.46,1240.91,1242.11,414791382
1226,2024-11-29,VNINDEX,1242.51,1250.92,1241.0,1250.46,427885583
1227,2024-12-02,VNINDEX,1255.73,1258.05,1247.74,1251.21,388759584
1228,2024-12-03,VNINDEX,1251.43,1253.83,1244.91,1249.83,477509695
1229,2024-12-04,VNINDEX,1247.34,1247.78,1239.82,1240.41,505237488
1230,2024-12-05,VNINDEX,1241.81,1269.18,1238.49,1267.53,839923489
1231,2024-12-06,VNINDEX,1270.96,1276.1,1268.58,1270.14,599525392
1232,2024-12-09,VNINDEX,1271.46,1277.69,1268.69,1273.84,584652263
1233,2024-12-10,VNINDEX,1274.29,1277.32,1270.32,1272.07,499629205
1234,2024-12-11,VNINDEX,1273.23,1276.67,1264.15,1268.86,501800464
1235,2024-12-12,VNINDEX,1270.86,1275.64,1265.99,1267.35,487930453
1236,2024-12-13,VNINDEX,1264.98,1266.55,1260.48,1262.57,395226300
1237,2024-12-16,VNINDEX,1264.03,1267.1,1258.65,1263.79,385861320
1238,2024-12-17,VNINDEX,1264.95,1265.45,1260.6,1261.72,358215576
1239,2024-12-18,VNINDEX,1262.57,1266.53,1261.49,1266.0,391882514
1240,2024-12-19,VNINDEX,1256.9,1259.76,1249.39,1254.67,662711061
1241,2024-12-20,VNINDEX,1255.6,1259.0,1253.9,1257.5,441564886
1242,2024-12-23,VNINDEX,1262.45,1265.2,1261.62,1262.76,381648115
1243,2024-12-24,VNINDEX,1263.03,1263.05,1253.78,1260.36,520744496
1244,2024-12-25,VNINDEX,1262.03,1283.09,1261.87,1274.04,724345690
1245,2024-12-26,VNINDEX,1275.68,1277.17,1271.99,1272.87,502071890
1246,2024-12-27,VNINDEX,1275.56,1277.89,1272.23,1275.14,579882989
1247,2024-12-30,VNINDEX,1273.75,1274.15,1268.77,1272.02,452946957
1248,2024-12-31,VNINDEX,1272.25,1272.46,1266.78,1266.78,407171783
1249,2025-01-02,VNINDEX,1268.96,1271.13,1263.25,1269.71,371654586
1250,2025-01-03,VNINDEX,1268.74,1269.01,1254.59,1254.59,504666610
1251,2025-01-06,VNINDEX,1254.79,1260.37,1244.87,1246.35,515112770
1252,2025-01-07,VNINDEX,1249.19,1251.28,1248.11,1248.78,73908334
1253,2025-01-08,VNINDEX,1246.16,1251.02,1239.67,1251.02,367525429
1254,2025-01-09,VNINDEX,1250.56,1253.26,1242.9,1245.77,290493053
1255,2025-01-10,VNINDEX,1245.6,1247.8,1230.48,1230.48,474210876
1256,2025-01-13,VNINDEX,1226.66,1235.65,1220.87,1235.65,434026581
1257,2025-01-14,VNINDEX,1234.77,1235.54,1226.7,1229.07,322277955
1258,2025-01-15,VNINDEX,1233.29,1237.46,1231.13,1236.18,392612592
1259,2025-01-16,VNINDEX,1241.74,1245.4,1235.56,1242.36,401866522
1260,2025-01-17,VNINDEX,1242.38,1249.11,1239.63,1249.11,356809485
1261,2025-01-20,VNINDEX,1250.13,1253.02,1247.5,1249.55,356668087
1262,2025-01-21,VNINDEX,1252.75,1254.17,1243.08,1246.09,377031582
1263,2025-01-22,VNINDEX,1248.26,1249.14,1242.53,1242.53,400238906
1264,2025-01-23,VNINDEX,1245.59,1263.59,1244.77,1259.63,495614623
1265,2025-01-24,VNINDEX,1259.26,1265.38,1258.46,1265.05,495593378
1266,2025-02-04,VNINDEX,1256.91,1264.68,1255.44,1264.68,584665483
1267,2025-02-05,VNINDEX,1268.43,1271.8,1266.18,1269.61,533621747
1268,2025-02-06,VNINDEX,1273.58,1275.47,1268.28,1271.48,537101428
1269,2025-02-07,VNINDEX,1271.98,1279.35,1269.11,1275.2,549313151
1270,2025-02-10,VNINDEX,1272.27,1274.47,1263.26,1263.26,722097200
1271,2025-02-11,VNINDEX,1265.44,1268.45,1263.11,1268.45,571766983
1272,2025-02-12,VNINDEX,1270.83,1272.86,1266.59,1266.91,461572874
1273,2025-02-13,VNINDEX,1267.25,1270.67,1263.85,1270.35,471455473
1274,2025-02-14,VNINDEX,1277.52,1280.6,1274.0,1276.08,612730570
1275,2025-02-17,VNINDEX,1277.12,1278.49,1272.72,1272.72,739296299
1276,2025-02-18,VNINDEX,1274.05,1283.34,1272.19,1278.14,630727837
1277,2025-02-19,VNINDEX,1280.6,1288.56,1278.92,1288.56,736572664
1278,2025-02-20,VNINDEX,1292.94,1295.82,1290.84,1292.98,713812172
1279,2025-02-21,VNINDEX,1293.63,1296.75,1290.98,1296.75,667595047
1280,2025-02-24,VNINDEX,1298.29,1304.56,1294.69,1304.56,807662797
1281,2025-02-25,VNINDEX,1306.86,1309.97,1298.54,1303.16,827866418
1282,2025-02-26,VNINDEX,1305.16,1306.49,1301.2,1302.96,710467326
1283,2025-02-27,VNINDEX,1307.31,1307.87,1296.43,1307.8,846430144
1284,2025-02-28,VNINDEX,1307.14,1308.77,1300.66,1305.36,752261254
1285,2025-03-03,VNINDEX,1306.97,1309.77,1304.3,1309.37,801877821
1286,2025-03-04,VNINDEX,1306.82,1313.21,1298.28,1311.91,935914817
1287,2025-03-05,VNINDEX,1312.84,1319.52,1304.71,1304.71,770488829
1288,2025-03-06,VNINDEX,1308.02,1318.22,1307.91,1318.22,983977939
1289,2025-03-07,VNINDEX,1320.1,1327.07,1318.71,1326.05,892233477
1290,2025-03-10,VNINDEX,1331.6,1335.87,1326.51,1330.28,856953551
1291,2025-03-11,VNINDEX,1319.17,1332.54,1315.92,1332.54,847446213
1292,2025-03-12,VNINDEX,1337.87,1342.91,1331.75,1334.41,851269716
1293,2025-03-13,VNINDEX,1335.66,1340.91,1324.87,1326.27,997493162
1294,2025-03-14,VNINDEX,1325.84,1333.32,1324.3,1326.15,939830088
1295,2025-03-17,VNINDEX,1330.62,1336.26,1329.05,1336.26,837533176
1296,2025-03-18,VNINDEX,1340.16,1341.65,1330.97,1330.97,810147102
1297,2025-03-19,VNINDEX,1330.4,1330.7,1320.85,1324.63,835603365
1298,2025-03-20,VNINDEX,1326.8,1332.41,1316.11,1323.93,821245236
1299,2025-03-21,VNINDEX,1324.0,1325.22,1320.67,1321.88,714329789
1300,2025-03-24,VNINDEX,1322.9,1330.32,1316.73,1330.32,794981660
1301,2025-03-25,VNINDEX,1335.29,1337.6,1329.81,1331.92,825911387
1302,2025-03-26,VNINDEX,1333.33,1338.55,1323.69,1326.09,734761077
1303,2025-03-27,VNINDEX,1325.98,1328.82,1323.01,1323.81,564278774
1304,2025-03-28,VNINDEX,1324.42,1325.34,1315.72,1317.46,635792433
1305,2025-03-31,VNINDEX,1313.51,1314.09,1304.1,1306.86,753141476
1306,2025-04-01,VNINDEX,1313.03,1317.46,1308.06,1317.33,550211861
1307,2025-04-02,VNINDEX,1321.53,1324.46,1317.68,1317.83,709130132
1308,2025-04-03,VNINDEX,1272.87,1277.9,1229.41,1229.84,1716843434
1309,2025-04-04,VNINDEX,1159.33,1210.67,1158.17,1210.67,1873633940
1310,2025-04-08,VNINDEX,1173.14,1174.4,1130.98,1132.79,1055789483
1311,2025-04-09,VNINDEX,1073.61,1141.35,1073.61,1094.3,1518648938
1312,2025-04-10,VNINDEX,1166.09,1168.4,1165.86,1168.34,280341215
1313,2025-04-11,VNINDEX,1198.25,1222.46,1180.59,1222.46,1697947853
1314,2025-04-14,VNINDEX,1235.01,1242.94,1226.06,1241.44,983147350
1315,2025-04-15,VNINDEX,1233.2,1246.21,1221.75,1227.79,1004299988
1316,2025-04-16,VNINDEX,1225.29,1233.84,1205.93,1210.3,762327891
1317,2025-04-17,VNINDEX,1201.63,1217.25,1197.5,1217.25,697087594
1318,2025-04-18,VNINDEX,1228.37,1234.67,1219.12,1219.12,1039406282
1319,2025-04-21,VNINDEX,1220.38,1222.77,1201.63,1207.07,819133019
1320,2025-04-22,VNINDEX,1201.38,1203.82,1136.98,1197.13,1615665359
1321,2025-04-23,VNINDEX,1215.65,1216.28,1202.27,1211.0,786534109
1322,2025-04-24,VNINDEX,1214.78,1224.66,1210.37,1223.35,741455786
1323,2025-04-25,VNINDEX,1227.16,1230.72,1220.67,1229.23,787289901
1324,2025-04-28,VNINDEX,1234.3,1234.3,1222.56,1226.8,576313016
1325,2025-04-29,VNINDEX,1227.25,1229.1,1222.3,1226.3,561661016
1326,2025-05-05,VNINDEX,1233.97,1241.51,1228.5,1240.05,561923200
1327,2025-05-06,VNINDEX,1244.3,1251.02,1240.75,1241.95,723040799
1328,2025-05-07,VNINDEX,1241.1,1250.79,1240.67,1250.37,695727500
1329,2025-05-08,VNINDEX,1255.34,1253.31,1240.67,1269.8,828921500
1330,2025-05-09,VNINDEX,1274.5,1275.47,1264.87,1267.3,732307300
1331,2025-05-12,VNINDEX,1272.66,1283.86,1267.7,1283.26,897833900
1332,2025-05-13,VNINDEX,1292.75,1294.06,1285.53,1293.43,947202300
1333,2025-05-14,VNINDEX,1295.3,1312.1,1294.66,1309.73,982402600
1334,2025-05-15,VNINDEX,1314.19,1316.54,1301.61,1313.2,1113717600
1335,2025-05-16,VNINDEX,1314.25,1316.53,1299.1,1301.39,891476200
1336,2025-05-19,VNINDEX,1293.61,1306.2,1291.66,1296.29,888012900
1337,2025-05-20,VNINDEX,1298.62,1316.67,1298.62,1315.15,917183900
1338,2025-05-21,VNINDEX,1329.83,1331.6,1313.13,1323.05,1054310500
1339,2025-05-22,VNINDEX,1319.97,1331.93,1312.82,1313.84,1175703300
1340,2025-05-23,VNINDEX,1313.93,1320.07,1308.62,1314.46,670601900
1341,2025-05-26,VNINDEX,1317.01,1332.6,1288.86,1332.51,995694500
1342,2025-05-27,VNINDEX,1338.09,1339.84,1329.6,1339.81,1087996400
1343,2025-05-28,VNINDEX,1344.08,1348.05,1337.18,1341.87,898070400
1344,2025-05-29,VNINDEX,1346.54,1348.31,1335.62,1341.86,894512900
1345,2025-05-30,VNINDEX,1343.32,1344.32,1328.74,1332.6,909874900
1346,2025-06-02,VNINDEX,1330.71,1336.77,1322.95,1336.3,859792300
1347,2025-06-03,VNINDEX,1341.31,1350.89,1339.56,1347.25,1034161500
1348,2025-06-04,VNINDEX,1350.52,1351.14,1341.53,1345.74,951867300
1349,2025-06-05,VNINDEX,1346.33,1347.14,1336.11,1342.09,756220200
1350,2025-06-06,VNINDEX,1339.13,1341.78,1329.67,1329.89,900021900
1351,2025-06-09,VNINDEX,1329.66,1331.56,1310.57,1310.57,717959400
1352,2025-06-10,VNINDEX,1307.74,1323.61,1307.74,1316.23,702363000
1353,2025-06-11,VNINDEX,1322.07,1322.07,1306.18,1315.2,539249500
1354,2025-06-12,VNINDEX,1321.25,1326.03,1316.8,1322.99,810608400
1355,2025-06-13,VNINDEX,1313.08,1321.0,1304.12,1315.49,1162899800
1356,2025-06-16,VNINDEX,1314.05,1338.72,1313.4,1338.11,777670300
1357,2025-06-17,VNINDEX,1343.7,1353.01,1339.39,1347.69,761925600
1358,2025-06-18,VNINDEX,1350.17,1353.99,1341.64,1346.83,765955700
1359,2025-06-19,VNINDEX,1346.33,1353.96,1342.08,1352.04,650526500
1360,2025-06-20,VNINDEX,1354.69,1356.78,1347.36,1349.35,777899400
1361,2025-06-23,VNINDEX,1345.24,1358.43,1338.49,1358.18,733716900
1362,2025-06-24,VNINDEX,1365.69,1371.24,1362.05,1366.77,881075100
1363,2025-06-25,VNINDEX,1369.05,1371.57,1365.47,1366.75,732668400
1364,2025-06-26,VNINDEX,1368.73,1370.61,1360.78,1365.67,598388700
1365,2025-06-27,VNINDEX,1369.13,1373.28,1362.09,1371.44,677408300
1366,2025-06-30,VNINDEX,1375.76,1377.3,1372.03,1376.07,635988400
1367,2025-07-01,VNINDEX,1378.14,1382.16,1369.74,1377.84,724810900
1368,2025-07-02,VNINDEX,1377.26,1384.82,1375.26,1384.59,848402400
1369,2025-07-03,VNINDEX,1381.64,1392.39,1377.06,1381.96,1314346000
1370,2025-07-04,VNINDEX,1385.19,1388.04,1379.4,1386.97,834459400
1371,2025-07-07,VNINDEX,1393.34,1402.45,1393.24,1402.06,1229755700
1372,2025-07-08,VNINDEX,1406.8,1415.76,1403.36,1415.46,1174200000
1373,2025-07-09,VNINDEX,1421.12,1432.29,1420.26,1431.32,1430114600
1374,2025-07-10,VNINDEX,1437.18,1446.16,1434.06,1445.64,1073003900
1375,2025-07-11,VNINDEX,1451.12,1463.91,1448.29,1457.76,1231433400
1376,2025-07-14,VNINDEX,1471.4,1473.93,1447.72,1470.42,1255895600
1377,2025-07-15,VNINDEX,1473.8,1476.32,1460.49,1460.65,1331406200
1378,2025-07-16,VNINDEX,1459.87,1467.52,1457.31,1467.19,1217850400
1379,2025-07-17,VNINDEX,1481.79,1494.36,1481.44,1490.01,1404149000
1380,2025-07-18,VNINDEX,1497.53,1501.2,1484.29,1497.28,1458843700
1381,2025-07-21,VNINDEX,1508.6,1511.96,1485.05,1485.05,1388123900
1382,2025-07-22,VNINDEX,1484.15,1509.67,1476.61,1509.54,1229770900
1383,2025-07-23,VNINDEX,1519.58,1523.37,1507.14,1512.31,1438007400
1384,2025-07-24,VNINDEX,1520.25,1525.32,1502.82,1521.02,1389163200
1385,2025-07-25,VNINDEX,1521.56,1534.51,1521.52,1531.13,1404476000
1386,2025-07-28,VNINDEX,1541.87,1558.12,1538.72,1557.42,1786939000
1387,2025-07-29,VNINDEX,1562.6,1564.92,1489.93,1493.41,2641155500
1388,2025-07-30,VNINDEX,1502.26,1512.15,1482.45,1507.63,1619066300
1389,2025-07-31,VNINDEX,1521.96,1522.39,1488.3,1502.52,1650159600
1390,2025-08-01,VNINDEX,1502.26,1512.15,1482.45,1507.63,1619066300
1391,2025-08-04,VNINDEX,1493.37,1528.37,1491.11,1528.19,1227892200
1392,2025-08-05,VNINDEX,1547.19,1584.98,1519.08,1547.15,2695361600
1393,2025-08-06,VNINDEX,1558.56,1573.71,1551.6,1573.71,1324819200
1394,2025-08-07,VNINDEX,1587.84,1587.84,1567.72,1581.81,1604082400
1395,2025-08-08,VNINDEX,1589.58,1589.58,1565.45,1584.95,1816206000
1396,2025-08-11,VNINDEX,1590.98,1601.79,1586.21,1600.41,1588653000
1397,2025-08-12,VNINDEX,1603.5,1608.23,1591.18,1608.22,1582473500
1398,2025-08-13,VNINDEX,1615.57,1616.99,1585.54,1611.6,1861891600
1399,2025-08-14,VNINDEX,1623.18,1641.28,1611.6,1640.69,1751198200
1400,2025-08-15,VNINDEX,1658.24,1665.97,1622.98,1630.0,2010453300
1401,2025-08-18,VNINDEX,1638.37,1642.71,1625.61,1636.37,1513014800
1402,2025-08-19,VNINDEX,1646.73,1665.48,1636.37,1654.2,1787804100
1403,2025-08-20,VNINDEX,1662.11,1665.54,1614.6,1664.36,2279170600
1404,2025-08-21,VNINDEX,1674.76,1693.68,1664.36,1688.0,1634742500
1405,2025-08-22,VNINDEX,1680.42,1689.3,1629.49,1645.47,2174708349
1406,2025-08-25,VNINDEX,1659.7,1660.49,1608.53,1614.03,1448034200
1407,2025-08-26,VNINDEX,1611.61,1667.96,1603.73,1667.63,1228363400
1408,2025-08-27,VNINDEX,1678.54,1696.6,1667.63,1673.0,1476068800
1409,2025-08-28,VNINDEX,1679.33,1684.16,1659.68,1680.86,1097695300
1410,2025-08-29,VNINDEX,1690.11,1694.42,1678.57,1682.21,1459616300
1411,2025-09-03,VNINDEX,1682.11,1685.73,1670.39,1681.3,1240085300
1412,2025-09-04,VNINDEX,1687.59,1696.34,1675.95,1696.29,1288263500
1413,2025-09-05,VNINDEX,1705.13,1711.49,1666.97,1666.97,1650029500
1414,2025-09-08,VNINDEX,1660.91,1667.36,1624.53,1624.53,1768694200
1415,2025-09-09,VNINDEX,1629.58,1637.39,1613.01,1637.32,1011989000
1416,2025-09-10,VNINDEX,1646.41,1646.49,1629.29,1643.26,832485600
1417,2025-09-11,VNINDEX,1638.75,1659.19,1605.76,1657.75,1196354700
1418,2025-09-12,VNINDEX,1662.02,1670.62,1653.79,1667.26,1005649800
1419,2025-09-15,VNINDEX,1672.59,1684.9,1668.09,1684.9,1121401900
1420,2025-09-16,VNINDEX,1696.87,1696.87,1677.03,1680.9,1231633000
1421,2025-09-17,VNINDEX,1678.26,1684.62,1670.97,1670.97,966202500
1422,2025-09-18,VNINDEX,1675.85,1679.63,1654.32,1665.18,862910500
1423,2025-09-19,VNINDEX,1671.24,1671.77,1641.19,1658.62,863406000
1424,2025-09-22,VNINDEX,1656.66,1659.13,1616.02,1634.45,1138116600
1425,2025-09-23,VNINDEX,1635.12,1643.59,1627.58,1635.26,656581700
1426,2025-09-24,VNINDEX,1635.36,1657.46,1619.09,1657.46,941711600
1427,2025-09-25,VNINDEX,1661.08,1668.21,1654.47,1666.09,914166300
1428,2025-09-26,VNINDEX,1666.68,1671.43,1657.94,1660.7,898582900
1429,2025-09-29,VNINDEX,1659.33,1674.84,1655.03,1666.48,808013800
1430,2025-09-30,VNINDEX,1667.86,1676.8,1645.97,1661.7,1048023100
1431,2025-10-01,VNINDEX,1664.95,1671.07,1658.81,1665.05,665999631
1432,2025-10-02,VNINDEX,1668.04,1679.73,1646.82,1652.71,735169100
1433,2025-10-03,VNINDEX,1652.39,1654.6,1638.6,1645.82,814035900
1434,2025-10-06,VNINDEX,1673.16,1695.5,1664.17,1695.5,1004353300
1435,2025-10-07,VNINDEX,1703.9,1703.9,1685.3,1685.3,798268000
1436,2025-10-08,VNINDEX,1701.06,1704.42,1680.87,1697.83,1015807200
1437,2025-10-09,VNINDEX,1702.76,1717.65,1699.17,1716.47,1042461100
1438,2025-10-10,VNINDEX,1725.27,1747.61,1721.76,1747.55,997548900
1439,2025-10-13,VNINDEX,1738.23,1766.77,1736.03,1765.12,1230255900
1440,2025-10-14,VNINDEX,1782.97,1794.58,1753.25,1761.06,1489829500
1441,2025-10-15,VNINDEX,1766.12,1773.73,1754.89,1757.95,1106642900
1442,2025-10-16,VNINDEX,1764.51,1768.51,1753.5,1766.85,1086412300
1443,2025-10-17,VNINDEX,1773.17,1773.17,1725.1,1731.19,1220064400
1444,2025-10-20,VNINDEX,1723.59,1727.11,1636.43,1636.43,1634751100
1445,2025-10-21,VNINDEX,1640.8,1677.11,1622.37,1663.43,1543512300
1446,2025-10-22,VNINDEX,1678.82,1678.82,1628.37,1678.5,909829300
1447,2025-10-23,VNINDEX,1680.73,1698.01,1669.78,1687.06,698675200
1448,2025-10-24,VNINDEX,1684.88,1691.69,1660.32,1683.18,915573500
1449,2025-10-27,VNINDEX,1696.45,1697.16,1652.54,1652.54,902697800
1450,2025-10-28,VNINDEX,1647.73,1680.5,1621.52,1680.5,876121500
1451,2025-10-29,VNINDEX,1685.9,1695.99,1672.0,1685.83,822913000
1452,2025-10-30,VNINDEX,1688.83,1690.69,1661.48,1669.57,762462900
1453,2025-10-31,VNINDEX,1669.61,1669.61,1626.86,1639.65,777188600
1454,2025-11-03,VNINDEX,1644.56,1652.48,1617.0,1617.0,964302800
1455,2025-11-04,VNINDEX,1618.02,1658.93,1600.56,1651.98,1130742400
1456,2025-11-05,VNINDEX,1647.46,1659.58,1640.51,1654.89,614280500
1457,2025-11-06,VNINDEX,1656.67,1658.69,1638.12,1642.64,549667600
1458,2025-11-07,VNINDEX,1636.24,1638.59,1595.34,1599.1,817661500
1459,2025-11-10,VNINDEX,1598.02,1609.49,1580.54,1580.54,655736900
1460,2025-11-11,VNINDEX,1585.32,1597.08,1578.42,1593.61,595525700
1461,2025-11-12,VNINDEX,1597.73,1631.86,1596.43,1631.86,681711200
1462,2025-11-13,VNINDEX,1632.64,1638.98,1625.94,1631.44,629417200
1463,2025-11-14,VNINDEX,1627.45,1638.35,1623.03,1635.46,649408200
1464,2025-11-17,VNINDEX,1640.47,1654.68,1640.47,1654.42,660673300
1465,2025-11-18,VNINDEX,1657.43,1660.41,1647.64,1659.92,705675600
1466,2025-11-19,VNINDEX,1659.25,1661.51,1643.04,1649.0,741564100
1467,2025-11-20,VNINDEX,1652.05,1660.55,1647.79,1655.99,592002300
1468,2025-11-21,VNINDEX,1646.36,1656.84,1635.1,1654.93,665568300
